,Offers Details,Offers Details,Offers Details,Offers Details,Offers Details,Offers Details,Offers Details,Offers Details,Other,Other,Required,Required,Required,Required,Required,Required,Required,Segments,Segments,Segments,Segments,Segments,Segments
,cct_clusters,communication_channels,discount_amount,global_max_usage,languages,max_discount_amount,offer_type_array,user_max_usage,min_control,min_treatment,campaign_length_days,campaign_sart_weekday,city_cluster,is_ready,max_spend_usd,min_spend_usd,uuid,activity_period_array,campaign_ccts_array,discount_segment_array,last_trip_cct_array,ltv_segment_array,trip_segments_array
,List[list],List[str],List[int],List[int],List[str],List[int],List[str],List[int],frac,frac,int,str,List[str],bool,int,int,int,List[str],List[list],List[str],List[str],List[int],List[str]
0,"[1, 121, 122, 159]",sms,15,10000,English,15,,5,0.0,0.0,7,Monday,Karachi,True,50000,1000,1,,"[1, 121, 122, 159]",,,,LV-LOW
1,"[1, 121, 122, 159]",sms,15,10000,English,15,,5,0.0,0.0,7,Monday,Karachi,True,50000,1000,1,,"[1, 121, 122, 159]",,,,LV-HIGH
2,"[1, 121, 122, 159]",sms,15,10000,English,15,,5,0.0,0.0,7,Monday,Lahore,True,50000,1000,1,,"[1, 121, 122, 159]",,,,LV-LOW
3,"[1, 121, 122, 159]",sms,15,10000,English,15,,5,0.0,0.0,7,Monday,Lahore,True,50000,1000,1,,"[1, 121, 122, 159]",,,,LV-HIGH
4,"[1, 121, 122, 159]",sms,15,10000,English,15,,5,0.0,0.0,7,Monday,Islamabad,True,50000,1000,1,,"[1, 121, 122, 159]",,,,LV-LOW
5,"[1, 121, 122, 159]",sms,15,10000,English,15,,5,0.0,0.0,7,Monday,Islamabad,True,50000,1000,1,,"[1, 121, 122, 159]",,,,LV-HIGH
6,"[1, 121, 122, 159]",sms,15,10000,English,20,,5,0.0,0.0,7,Monday,Karachi,True,50000,1000,1,,"[1, 121, 122, 159]",,,,LV-LOW
7,"[1, 121, 122, 159]",sms,15,10000,English,20,,5,0.0,0.0,7,Monday,Karachi,True,50000,1000,1,,"[1, 121, 122, 159]",,,,LV-HIGH
8,"[1, 121, 122, 159]",sms,15,10000,English,20,,5,0.0,0.0,7,Monday,Lahore,True,50000,1000,1,,"[1, 121, 122, 159]",,,,LV-LOW
9,"[1, 121, 122, 159]",sms,15,10000,English,20,,5,0.0,0.0,7,Monday,Lahore,True,50000,1000,1,,"[1, 121, 122, 159]",,,,LV-HIGH
10,"[1, 121, 122, 159]",sms,15,10000,English,20,,5,0.0,0.0,7,Monday,Islamabad,True,50000,1000,1,,"[1, 121, 122, 159]",,,,LV-LOW
11,"[1, 121, 122, 159]",sms,15,10000,English,20,,5,0.0,0.0,7,Monday,Islamabad,True,50000,1000,1,,"[1, 121, 122, 159]",,,,LV-HIGH
12,"[1, 121, 122, 159]",sms,15,10000,Arabic,15,,5,0.0,0.0,7,Monday,Karachi,True,50000,1000,1,,"[1, 121, 122, 159]",,,,LV-LOW
13,"[1, 121, 122, 159]",sms,15,10000,Arabic,15,,5,0.0,0.0,7,Monday,Karachi,True,50000,1000,1,,"[1, 121, 122, 159]",,,,LV-HIGH
14,"[1, 121, 122, 159]",sms,15,10000,Arabic,15,,5,0.0,0.0,7,Monday,Lahore,True,50000,1000,1,,"[1, 121, 122, 159]",,,,LV-LOW
15,"[1, 121, 122, 159]",sms,15,10000,Arabic,15,,5,0.0,0.0,7,Monday,Lahore,True,50000,1000,1,,"[1, 121, 122, 159]",,,,LV-HIGH
16,"[1, 121, 122, 159]",sms,15,10000,Arabic,15,,5,0.0,0.0,7,Monday,Islamabad,True,50000,1000,1,,"[1, 121, 122, 159]",,,,LV-LOW
17,"[1, 121, 122, 159]",sms,15,10000,Arabic,15,,5,0.0,0.0,7,Monday,Islamabad,True,50000,1000,1,,"[1, 121, 122, 159]",,,,LV-HIGH
18,"[1, 121, 122, 159]",sms,15,10000,Arabic,20,,5,0.0,0.0,7,Monday,Karachi,True,50000,1000,1,,"[1, 121, 122, 159]",,,,LV-LOW
19,"[1, 121, 122, 159]",sms,15,10000,Arabic,20,,5,0.0,0.0,7,Monday,Karachi,True,50000,1000,1,,"[1, 121, 122, 159]",,,,LV-HIGH
20,"[1, 121, 122, 159]",sms,15,10000,Arabic,20,,5,0.0,0.0,7,Monday,Lahore,True,50000,1000,1,,"[1, 121, 122, 159]",,,,LV-LOW
21,"[1, 121, 122, 159]",sms,15,10000,Arabic,20,,5,0.0,0.0,7,Monday,Lahore,True,50000,1000,1,,"[1, 121, 122, 159]",,,,LV-HIGH
22,"[1, 121, 122, 159]",sms,15,10000,Arabic,20,,5,0.0,0.0,7,Monday,Islamabad,True,50000,1000,1,,"[1, 121, 122, 159]",,,,LV-LOW
23,"[1, 121, 122, 159]",sms,15,10000,Arabic,20,,5,0.0,0.0,7,Monday,Islamabad,True,50000,1000,1,,"[1, 121, 122, 159]",,,,LV-HIGH
24,"[1, 121, 122, 159]",sms,15,20000,English,15,,5,0.0,0.0,7,Monday,Karachi,True,50000,1000,1,,"[1, 121, 122, 159]",,,,LV-LOW
25,"[1, 121, 122, 159]",sms,15,20000,English,15,,5,0.0,0.0,7,Monday,Karachi,True,50000,1000,1,,"[1, 121, 122, 159]",,,,LV-HIGH
26,"[1, 121, 122, 159]",sms,15,20000,English,15,,5,0.0,0.0,7,Monday,Lahore,True,50000,1000,1,,"[1, 121, 122, 159]",,,,LV-LOW
27,"[1, 121, 122, 159]",sms,15,20000,English,15,,5,0.0,0.0,7,Monday,Lahore,True,50000,1000,1,,"[1, 121, 122, 159]",,,,LV-HIGH
28,"[1, 121, 122, 159]",sms,15,20000,English,15,,5,0.0,0.0,7,Monday,Islamabad,True,50000,1000,1,,"[1, 121, 122, 159]",,,,LV-LOW
29,"[1, 121, 122, 159]",sms,15,20000,English,15,,5,0.0,0.0,7,Monday,Islamabad,True,50000,1000,1,,"[1, 121, 122, 159]",,,,LV-HIGH
30,"[1, 121, 122, 159]",sms,15,20000,English,20,,5,0.0,0.0,7,Monday,Karachi,True,50000,1000,1,,"[1, 121, 122, 159]",,,,LV-LOW
31,"[1, 121, 122, 159]",sms,15,20000,English,20,,5,0.0,0.0,7,Monday,Karachi,True,50000,1000,1,,"[1, 121, 122, 159]",,,,LV-HIGH
32,"[1, 121, 122, 159]",sms,15,20000,English,20,,5,0.0,0.0,7,Monday,Lahore,True,50000,1000,1,,"[1, 121, 122, 159]",,,,LV-LOW
33,"[1, 121, 122, 159]",sms,15,20000,English,20,,5,0.0,0.0,7,Monday,Lahore,True,50000,1000,1,,"[1, 121, 122, 159]",,,,LV-HIGH
34,"[1, 121, 122, 159]",sms,15,20000,English,20,,5,0.0,0.0,7,Monday,Islamabad,True,50000,1000,1,,"[1, 121, 122, 159]",,,,LV-LOW
35,"[1, 121, 122, 159]",sms,15,20000,English,20,,5,0.0,0.0,7,Monday,Islamabad,True,50000,1000,1,,"[1, 121, 122, 159]",,,,LV-HIGH
36,"[1, 121, 122, 159]",sms,15,20000,Arabic,15,,5,0.0,0.0,7,Monday,Karachi,True,50000,1000,1,,"[1, 121, 122, 159]",,,,LV-LOW
37,"[1, 121, 122, 159]",sms,15,20000,Arabic,15,,5,0.0,0.0,7,Monday,Karachi,True,50000,1000,1,,"[1, 121, 122, 159]",,,,LV-HIGH
38,"[1, 121, 122, 159]",sms,15,20000,Arabic,15,,5,0.0,0.0,7,Monday,Lahore,True,50000,1000,1,,"[1, 121, 122, 159]",,,,LV-LOW
39,"[1, 121, 122, 159]",sms,15,20000,Arabic,15,,5,0.0,0.0,7,Monday,Lahore,True,50000,1000,1,,"[1, 121, 122, 159]",,,,LV-HIGH
40,"[1, 121, 122, 159]",sms,15,20000,Arabic,15,,5,0.0,0.0,7,Monday,Islamabad,True,50000,1000,1,,"[1, 121, 122, 159]",,,,LV-LOW
41,"[1, 121, 122, 159]",sms,15,20000,Arabic,15,,5,0.0,0.0,7,Monday,Islamabad,True,50000,1000,1,,"[1, 121, 122, 159]",,,,LV-HIGH
42,"[1, 121, 122, 159]",sms,15,20000,Arabic,20,,5,0.0,0.0,7,Monday,Karachi,True,50000,1000,1,,"[1, 121, 122, 159]",,,,LV-LOW
43,"[1, 121, 122, 159]",sms,15,20000,Arabic,20,,5,0.0,0.0,7,Monday,Karachi,True,50000,1000,1,,"[1, 121, 122, 159]",,,,LV-HIGH
44,"[1, 121, 122, 159]",sms,15,20000,Arabic,20,,5,0.0,0.0,7,Monday,Lahore,True,50000,1000,1,,"[1, 121, 122, 159]",,,,LV-LOW
45,"[1, 121, 122, 159]",sms,15,20000,Arabic,20,,5,0.0,0.0,7,Monday,Lahore,True,50000,1000,1,,"[1, 121, 122, 159]",,,,LV-HIGH
46,"[1, 121, 122, 159]",sms,15,20000,Arabic,20,,5,0.0,0.0,7,Monday,Islamabad,True,50000,1000,1,,"[1, 121, 122, 159]",,,,LV-LOW
47,"[1, 121, 122, 159]",sms,15,20000,Arabic,20,,5,0.0,0.0,7,Monday,Islamabad,True,50000,1000,1,,"[1, 121, 122, 159]",,,,LV-HIGH
48,"[1, 121, 122, 159]",sms,15,50000,English,15,,5,0.0,0.0,7,Monday,Karachi,True,50000,1000,1,,"[1, 121, 122, 159]",,,,LV-LOW
49,"[1, 121, 122, 159]",sms,15,50000,English,15,,5,0.0,0.0,7,Monday,Karachi,True,50000,1000,1,,"[1, 121, 122, 159]",,,,LV-HIGH
50,"[1, 121, 122, 159]",sms,15,50000,English,15,,5,0.0,0.0,7,Monday,Lahore,True,50000,1000,1,,"[1, 121, 122, 159]",,,,LV-LOW
51,"[1, 121, 122, 159]",sms,15,50000,English,15,,5,0.0,0.0,7,Monday,Lahore,True,50000,1000,1,,"[1, 121, 122, 159]",,,,LV-HIGH
52,"[1, 121, 122, 159]",sms,15,50000,English,15,,5,0.0,0.0,7,Monday,Islamabad,True,50000,1000,1,,"[1, 121, 122, 159]",,,,LV-LOW
53,"[1, 121, 122, 159]",sms,15,50000,English,15,,5,0.0,0.0,7,Monday,Islamabad,True,50000,1000,1,,"[1, 121, 122, 159]",,,,LV-HIGH
54,"[1, 121, 122, 159]",sms,15,50000,English,20,,5,0.0,0.0,7,Monday,Karachi,True,50000,1000,1,,"[1, 121, 122, 159]",,,,LV-LOW
55,"[1, 121, 122, 159]",sms,15,50000,English,20,,5,0.0,0.0,7,Monday,Karachi,True,50000,1000,1,,"[1, 121, 122, 159]",,,,LV-HIGH
56,"[1, 121, 122, 159]",sms,15,50000,English,20,,5,0.0,0.0,7,Monday,Lahore,True,50000,1000,1,,"[1, 121, 122, 159]",,,,LV-LOW
57,"[1, 121, 122, 159]",sms,15,50000,English,20,,5,0.0,0.0,7,Monday,Lahore,True,50000,1000,1,,"[1, 121, 122, 159]",,,,LV-HIGH
58,"[1, 121, 122, 159]",sms,15,50000,English,20,,5,0.0,0.0,7,Monday,Islamabad,True,50000,1000,1,,"[1, 121, 122, 159]",,,,LV-LOW
59,"[1, 121, 122, 159]",sms,15,50000,English,20,,5,0.0,0.0,7,Monday,Islamabad,True,50000,1000,1,,"[1, 121, 122, 159]",,,,LV-HIGH
60,"[1, 121, 122, 159]",sms,15,50000,Arabic,15,,5,0.0,0.0,7,Monday,Karachi,True,50000,1000,1,,"[1, 121, 122, 159]",,,,LV-LOW
61,"[1, 121, 122, 159]",sms,15,50000,Arabic,15,,5,0.0,0.0,7,Monday,Karachi,True,50000,1000,1,,"[1, 121, 122, 159]",,,,LV-HIGH
62,"[1, 121, 122, 159]",sms,15,50000,Arabic,15,,5,0.0,0.0,7,Monday,Lahore,True,50000,1000,1,,"[1, 121, 122, 159]",,,,LV-LOW
63,"[1, 121, 122, 159]",sms,15,50000,Arabic,15,,5,0.0,0.0,7,Monday,Lahore,True,50000,1000,1,,"[1, 121, 122, 159]",,,,LV-HIGH
64,"[1, 121, 122, 159]",sms,15,50000,Arabic,15,,5,0.0,0.0,7,Monday,Islamabad,True,50000,1000,1,,"[1, 121, 122, 159]",,,,LV-LOW
65,"[1, 121, 122, 159]",sms,15,50000,Arabic,15,,5,0.0,0.0,7,Monday,Islamabad,True,50000,1000,1,,"[1, 121, 122, 159]",,,,LV-HIGH
66,"[1, 121, 122, 159]",sms,15,50000,Arabic,20,,5,0.0,0.0,7,Monday,Karachi,True,50000,1000,1,,"[1, 121, 122, 159]",,,,LV-LOW
67,"[1, 121, 122, 159]",sms,15,50000,Arabic,20,,5,0.0,0.0,7,Monday,Karachi,True,50000,1000,1,,"[1, 121, 122, 159]",,,,LV-HIGH
68,"[1, 121, 122, 159]",sms,15,50000,Arabic,20,,5,0.0,0.0,7,Monday,Lahore,True,50000,1000,1,,"[1, 121, 122, 159]",,,,LV-LOW
69,"[1, 121, 122, 159]",sms,15,50000,Arabic,20,,5,0.0,0.0,7,Monday,Lahore,True,50000,1000,1,,"[1, 121, 122, 159]",,,,LV-HIGH
70,"[1, 121, 122, 159]",sms,15,50000,Arabic,20,,5,0.0,0.0,7,Monday,Islamabad,True,50000,1000,1,,"[1, 121, 122, 159]",,,,LV-LOW
71,"[1, 121, 122, 159]",sms,15,50000,Arabic,20,,5,0.0,0.0,7,Monday,Islamabad,True,50000,1000,1,,"[1, 121, 122, 159]",,,,LV-HIGH
72,"[1, 121, 122, 159]",sms,15,100000,English,15,,5,0.0,0.0,7,Monday,Karachi,True,50000,1000,1,,"[1, 121, 122, 159]",,,,LV-LOW
73,"[1, 121, 122, 159]",sms,15,100000,English,15,,5,0.0,0.0,7,Monday,Karachi,True,50000,1000,1,,"[1, 121, 122, 159]",,,,LV-HIGH
74,"[1, 121, 122, 159]",sms,15,100000,English,15,,5,0.0,0.0,7,Monday,Lahore,True,50000,1000,1,,"[1, 121, 122, 159]",,,,LV-LOW
75,"[1, 121, 122, 159]",sms,15,100000,English,15,,5,0.0,0.0,7,Monday,Lahore,True,50000,1000,1,,"[1, 121, 122, 159]",,,,LV-HIGH
76,"[1, 121, 122, 159]",sms,15,100000,English,15,,5,0.0,0.0,7,Monday,Islamabad,True,50000,1000,1,,"[1, 121, 122, 159]",,,,LV-LOW
77,"[1, 121, 122, 159]",sms,15,100000,English,15,,5,0.0,0.0,7,Monday,Islamabad,True,50000,1000,1,,"[1, 121, 122, 159]",,,,LV-HIGH
78,"[1, 121, 122, 159]",sms,15,100000,English,20,,5,0.0,0.0,7,Monday,Karachi,True,50000,1000,1,,"[1, 121, 122, 159]",,,,LV-LOW
79,"[1, 121, 122, 159]",sms,15,100000,English,20,,5,0.0,0.0,7,Monday,Karachi,True,50000,1000,1,,"[1, 121, 122, 159]",,,,LV-HIGH
80,"[1, 121, 122, 159]",sms,15,100000,English,20,,5,0.0,0.0,7,Monday,Lahore,True,50000,1000,1,,"[1, 121, 122, 159]",,,,LV-LOW
81,"[1, 121, 122, 159]",sms,15,100000,English,20,,5,0.0,0.0,7,Monday,Lahore,True,50000,1000,1,,"[1, 121, 122, 159]",,,,LV-HIGH
82,"[1, 121, 122, 159]",sms,15,100000,English,20,,5,0.0,0.0,7,Monday,Islamabad,True,50000,1000,1,,"[1, 121, 122, 159]",,,,LV-LOW
83,"[1, 121, 122, 159]",sms,15,100000,English,20,,5,0.0,0.0,7,Monday,Islamabad,True,50000,1000,1,,"[1, 121, 122, 159]",,,,LV-HIGH
84,"[1, 121, 122, 159]",sms,15,100000,Arabic,15,,5,0.0,0.0,7,Monday,Karachi,True,50000,1000,1,,"[1, 121, 122, 159]",,,,LV-LOW
85,"[1, 121, 122, 159]",sms,15,100000,Arabic,15,,5,0.0,0.0,7,Monday,Karachi,True,50000,1000,1,,"[1, 121, 122, 159]",,,,LV-HIGH
86,"[1, 121, 122, 159]",sms,15,100000,Arabic,15,,5,0.0,0.0,7,Monday,Lahore,True,50000,1000,1,,"[1, 121, 122, 159]",,,,LV-LOW
87,"[1, 121, 122, 159]",sms,15,100000,Arabic,15,,5,0.0,0.0,7,Monday,Lahore,True,50000,1000,1,,"[1, 121, 122, 159]",,,,LV-HIGH
88,"[1, 121, 122, 159]",sms,15,100000,Arabic,15,,5,0.0,0.0,7,Monday,Islamabad,True,50000,1000,1,,"[1, 121, 122, 159]",,,,LV-LOW
89,"[1, 121, 122, 159]",sms,15,100000,Arabic,15,,5,0.0,0.0,7,Monday,Islamabad,True,50000,1000,1,,"[1, 121, 122, 159]",,,,LV-HIGH
90,"[1, 121, 122, 159]",sms,15,100000,Arabic,20,,5,0.0,0.0,7,Monday,Karachi,True,50000,1000,1,,"[1, 121, 122, 159]",,,,LV-LOW
91,"[1, 121, 122, 159]",sms,15,100000,Arabic,20,,5,0.0,0.0,7,Monday,Karachi,True,50000,1000,1,,"[1, 121, 122, 159]",,,,LV-HIGH
92,"[1, 121, 122, 159]",sms,15,100000,Arabic,20,,5,0.0,0.0,7,Monday,Lahore,True,50000,1000,1,,"[1, 121, 122, 159]",,,,LV-LOW
93,"[1, 121, 122, 159]",sms,15,100000,Arabic,20,,5,0.0,0.0,7,Monday,Lahore,True,50000,1000,1,,"[1, 121, 122, 159]",,,,LV-HIGH
94,"[1, 121, 122, 159]",sms,15,100000,Arabic,20,,5,0.0,0.0,7,Monday,Islamabad,True,50000,1000,1,,"[1, 121, 122, 159]",,,,LV-LOW
95,"[1, 121, 122, 159]",sms,15,100000,Arabic,20,,5,0.0,0.0,7,Monday,Islamabad,True,50000,1000,1,,"[1, 121, 122, 159]",,,,LV-HIGH
96,"[1, 121, 122, 159]",sms,20,10000,English,15,,5,0.0,0.0,7,Monday,Karachi,True,50000,1000,1,,"[1, 121, 122, 159]",,,,LV-LOW
97,"[1, 121, 122, 159]",sms,20,10000,English,15,,5,0.0,0.0,7,Monday,Karachi,True,50000,1000,1,,"[1, 121, 122, 159]",,,,LV-HIGH
98,"[1, 121, 122, 159]",sms,20,10000,English,15,,5,0.0,0.0,7,Monday,Lahore,True,50000,1000,1,,"[1, 121, 122, 159]",,,,LV-LOW
99,"[1, 121, 122, 159]",sms,20,10000,English,15,,5,0.0,0.0,7,Monday,Lahore,True,50000,1000,1,,"[1, 121, 122, 159]",,,,LV-HIGH
100,"[1, 121, 122, 159]",sms,20,10000,English,15,,5,0.0,0.0,7,Monday,Islamabad,True,50000,1000,1,,"[1, 121, 122, 159]",,,,LV-LOW
101,"[1, 121, 122, 159]",sms,20,10000,English,15,,5,0.0,0.0,7,Monday,Islamabad,True,50000,1000,1,,"[1, 121, 122, 159]",,,,LV-HIGH
102,"[1, 121, 122, 159]",sms,20,10000,English,20,,5,0.0,0.0,7,Monday,Karachi,True,50000,1000,1,,"[1, 121, 122, 159]",,,,LV-LOW
103,"[1, 121, 122, 159]",sms,20,10000,English,20,,5,0.0,0.0,7,Monday,Karachi,True,50000,1000,1,,"[1, 121, 122, 159]",,,,LV-HIGH
104,"[1, 121, 122, 159]",sms,20,10000,English,20,,5,0.0,0.0,7,Monday,Lahore,True,50000,1000,1,,"[1, 121, 122, 159]",,,,LV-LOW
105,"[1, 121, 122, 159]",sms,20,10000,English,20,,5,0.0,0.0,7,Monday,Lahore,True,50000,1000,1,,"[1, 121, 122, 159]",,,,LV-HIGH
106,"[1, 121, 122, 159]",sms,20,10000,English,20,,5,0.0,0.0,7,Monday,Islamabad,True,50000,1000,1,,"[1, 121, 122, 159]",,,,LV-LOW
107,"[1, 121, 122, 159]",sms,20,10000,English,20,,5,0.0,0.0,7,Monday,Islamabad,True,50000,1000,1,,"[1, 121, 122, 159]",,,,LV-HIGH
108,"[1, 121, 122, 159]",sms,20,10000,Arabic,15,,5,0.0,0.0,7,Monday,Karachi,True,50000,1000,1,,"[1, 121, 122, 159]",,,,LV-LOW
109,"[1, 121, 122, 159]",sms,20,10000,Arabic,15,,5,0.0,0.0,7,Monday,Karachi,True,50000,1000,1,,"[1, 121, 122, 159]",,,,LV-HIGH
110,"[1, 121, 122, 159]",sms,20,10000,Arabic,15,,5,0.0,0.0,7,Monday,Lahore,True,50000,1000,1,,"[1, 121, 122, 159]",,,,LV-LOW
111,"[1, 121, 122, 159]",sms,20,10000,Arabic,15,,5,0.0,0.0,7,Monday,Lahore,True,50000,1000,1,,"[1, 121, 122, 159]",,,,LV-HIGH
112,"[1, 121, 122, 159]",sms,20,10000,Arabic,15,,5,0.0,0.0,7,Monday,Islamabad,True,50000,1000,1,,"[1, 121, 122, 159]",,,,LV-LOW
113,"[1, 121, 122, 159]",sms,20,10000,Arabic,15,,5,0.0,0.0,7,Monday,Islamabad,True,50000,1000,1,,"[1, 121, 122, 159]",,,,LV-HIGH
114,"[1, 121, 122, 159]",sms,20,10000,Arabic,20,,5,0.0,0.0,7,Monday,Karachi,True,50000,1000,1,,"[1, 121, 122, 159]",,,,LV-LOW
115,"[1, 121, 122, 159]",sms,20,10000,Arabic,20,,5,0.0,0.0,7,Monday,Karachi,True,50000,1000,1,,"[1, 121, 122, 159]",,,,LV-HIGH
116,"[1, 121, 122, 159]",sms,20,10000,Arabic,20,,5,0.0,0.0,7,Monday,Lahore,True,50000,1000,1,,"[1, 121, 122, 159]",,,,LV-LOW
117,"[1, 121, 122, 159]",sms,20,10000,Arabic,20,,5,0.0,0.0,7,Monday,Lahore,True,50000,1000,1,,"[1, 121, 122, 159]",,,,LV-HIGH
118,"[1, 121, 122, 159]",sms,20,10000,Arabic,20,,5,0.0,0.0,7,Monday,Islamabad,True,50000,1000,1,,"[1, 121, 122, 159]",,,,LV-LOW
119,"[1, 121, 122, 159]",sms,20,10000,Arabic,20,,5,0.0,0.0,7,Monday,Islamabad,True,50000,1000,1,,"[1, 121, 122, 159]",,,,LV-HIGH
120,"[1, 121, 122, 159]",sms,20,20000,English,15,,5,0.0,0.0,7,Monday,Karachi,True,50000,1000,1,,"[1, 121, 122, 159]",,,,LV-LOW
121,"[1, 121, 122, 159]",sms,20,20000,English,15,,5,0.0,0.0,7,Monday,Karachi,True,50000,1000,1,,"[1, 121, 122, 159]",,,,LV-HIGH
122,"[1, 121, 122, 159]",sms,20,20000,English,15,,5,0.0,0.0,7,Monday,Lahore,True,50000,1000,1,,"[1, 121, 122, 159]",,,,LV-LOW
123,"[1, 121, 122, 159]",sms,20,20000,English,15,,5,0.0,0.0,7,Monday,Lahore,True,50000,1000,1,,"[1, 121, 122, 159]",,,,LV-HIGH
124,"[1, 121, 122, 159]",sms,20,20000,English,15,,5,0.0,0.0,7,Monday,Islamabad,True,50000,1000,1,,"[1, 121, 122, 159]",,,,LV-LOW
125,"[1, 121, 122, 159]",sms,20,20000,English,15,,5,0.0,0.0,7,Monday,Islamabad,True,50000,1000,1,,"[1, 121, 122, 159]",,,,LV-HIGH
126,"[1, 121, 122, 159]",sms,20,20000,English,20,,5,0.0,0.0,7,Monday,Karachi,True,50000,1000,1,,"[1, 121, 122, 159]",,,,LV-LOW
127,"[1, 121, 122, 159]",sms,20,20000,English,20,,5,0.0,0.0,7,Monday,Karachi,True,50000,1000,1,,"[1, 121, 122, 159]",,,,LV-HIGH
128,"[1, 121, 122, 159]",sms,20,20000,English,20,,5,0.0,0.0,7,Monday,Lahore,True,50000,1000,1,,"[1, 121, 122, 159]",,,,LV-LOW
129,"[1, 121, 122, 159]",sms,20,20000,English,20,,5,0.0,0.0,7,Monday,Lahore,True,50000,1000,1,,"[1, 121, 122, 159]",,,,LV-HIGH
130,"[1, 121, 122, 159]",sms,20,20000,English,20,,5,0.0,0.0,7,Monday,Islamabad,True,50000,1000,1,,"[1, 121, 122, 159]",,,,LV-LOW
131,"[1, 121, 122, 159]",sms,20,20000,English,20,,5,0.0,0.0,7,Monday,Islamabad,True,50000,1000,1,,"[1, 121, 122, 159]",,,,LV-HIGH
132,"[1, 121, 122, 159]",sms,20,20000,Arabic,15,,5,0.0,0.0,7,Monday,Karachi,True,50000,1000,1,,"[1, 121, 122, 159]",,,,LV-LOW
133,"[1, 121, 122, 159]",sms,20,20000,Arabic,15,,5,0.0,0.0,7,Monday,Karachi,True,50000,1000,1,,"[1, 121, 122, 159]",,,,LV-HIGH
134,"[1, 121, 122, 159]",sms,20,20000,Arabic,15,,5,0.0,0.0,7,Monday,Lahore,True,50000,1000,1,,"[1, 121, 122, 159]",,,,LV-LOW
135,"[1, 121, 122, 159]",sms,20,20000,Arabic,15,,5,0.0,0.0,7,Monday,Lahore,True,50000,1000,1,,"[1, 121, 122, 159]",,,,LV-HIGH
136,"[1, 121, 122, 159]",sms,20,20000,Arabic,15,,5,0.0,0.0,7,Monday,Islamabad,True,50000,1000,1,,"[1, 121, 122, 159]",,,,LV-LOW
137,"[1, 121, 122, 159]",sms,20,20000,Arabic,15,,5,0.0,0.0,7,Monday,Islamabad,True,50000,1000,1,,"[1, 121, 122, 159]",,,,LV-HIGH
138,"[1, 121, 122, 159]",sms,20,20000,Arabic,20,,5,0.0,0.0,7,Monday,Karachi,True,50000,1000,1,,"[1, 121, 122, 159]",,,,LV-LOW
139,"[1, 121, 122, 159]",sms,20,20000,Arabic,20,,5,0.0,0.0,7,Monday,Karachi,True,50000,1000,1,,"[1, 121, 122, 159]",,,,LV-HIGH
140,"[1, 121, 122, 159]",sms,20,20000,Arabic,20,,5,0.0,0.0,7,Monday,Lahore,True,50000,1000,1,,"[1, 121, 122, 159]",,,,LV-LOW
141,"[1, 121, 122, 159]",sms,20,20000,Arabic,20,,5,0.0,0.0,7,Monday,Lahore,True,50000,1000,1,,"[1, 121, 122, 159]",,,,LV-HIGH
142,"[1, 121, 122, 159]",sms,20,20000,Arabic,20,,5,0.0,0.0,7,Monday,Islamabad,True,50000,1000,1,,"[1, 121, 122, 159]",,,,LV-LOW
143,"[1, 121, 122, 159]",sms,20,20000,Arabic,20,,5,0.0,0.0,7,Monday,Islamabad,True,50000,1000,1,,"[1, 121, 122, 159]",,,,LV-HIGH
144,"[1, 121, 122, 159]",sms,20,50000,English,15,,5,0.0,0.0,7,Monday,Karachi,True,50000,1000,1,,"[1, 121, 122, 159]",,,,LV-LOW
145,"[1, 121, 122, 159]",sms,20,50000,English,15,,5,0.0,0.0,7,Monday,Karachi,True,50000,1000,1,,"[1, 121, 122, 159]",,,,LV-HIGH
146,"[1, 121, 122, 159]",sms,20,50000,English,15,,5,0.0,0.0,7,Monday,Lahore,True,50000,1000,1,,"[1, 121, 122, 159]",,,,LV-LOW
147,"[1, 121, 122, 159]",sms,20,50000,English,15,,5,0.0,0.0,7,Monday,Lahore,True,50000,1000,1,,"[1, 121, 122, 159]",,,,LV-HIGH
148,"[1, 121, 122, 159]",sms,20,50000,English,15,,5,0.0,0.0,7,Monday,Islamabad,True,50000,1000,1,,"[1, 121, 122, 159]",,,,LV-LOW
149,"[1, 121, 122, 159]",sms,20,50000,English,15,,5,0.0,0.0,7,Monday,Islamabad,True,50000,1000,1,,"[1, 121, 122, 159]",,,,LV-HIGH
150,"[1, 121, 122, 159]",sms,20,50000,English,20,,5,0.0,0.0,7,Monday,Karachi,True,50000,1000,1,,"[1, 121, 122, 159]",,,,LV-LOW
151,"[1, 121, 122, 159]",sms,20,50000,English,20,,5,0.0,0.0,7,Monday,Karachi,True,50000,1000,1,,"[1, 121, 122, 159]",,,,LV-HIGH
152,"[1, 121, 122, 159]",sms,20,50000,English,20,,5,0.0,0.0,7,Monday,Lahore,True,50000,1000,1,,"[1, 121, 122, 159]",,,,LV-LOW
153,"[1, 121, 122, 159]",sms,20,50000,English,20,,5,0.0,0.0,7,Monday,Lahore,True,50000,1000,1,,"[1, 121, 122, 159]",,,,LV-HIGH
154,"[1, 121, 122, 159]",sms,20,50000,English,20,,5,0.0,0.0,7,Monday,Islamabad,True,50000,1000,1,,"[1, 121, 122, 159]",,,,LV-LOW
155,"[1, 121, 122, 159]",sms,20,50000,English,20,,5,0.0,0.0,7,Monday,Islamabad,True,50000,1000,1,,"[1, 121, 122, 159]",,,,LV-HIGH
156,"[1, 121, 122, 159]",sms,20,50000,Arabic,15,,5,0.0,0.0,7,Monday,Karachi,True,50000,1000,1,,"[1, 121, 122, 159]",,,,LV-LOW
157,"[1, 121, 122, 159]",sms,20,50000,Arabic,15,,5,0.0,0.0,7,Monday,Karachi,True,50000,1000,1,,"[1, 121, 122, 159]",,,,LV-HIGH
158,"[1, 121, 122, 159]",sms,20,50000,Arabic,15,,5,0.0,0.0,7,Monday,Lahore,True,50000,1000,1,,"[1, 121, 122, 159]",,,,LV-LOW
159,"[1, 121, 122, 159]",sms,20,50000,Arabic,15,,5,0.0,0.0,7,Monday,Lahore,True,50000,1000,1,,"[1, 121, 122, 159]",,,,LV-HIGH
160,"[1, 121, 122, 159]",sms,20,50000,Arabic,15,,5,0.0,0.0,7,Monday,Islamabad,True,50000,1000,1,,"[1, 121, 122, 159]",,,,LV-LOW
161,"[1, 121, 122, 159]",sms,20,50000,Arabic,15,,5,0.0,0.0,7,Monday,Islamabad,True,50000,1000,1,,"[1, 121, 122, 159]",,,,LV-HIGH
162,"[1, 121, 122, 159]",sms,20,50000,Arabic,20,,5,0.0,0.0,7,Monday,Karachi,True,50000,1000,1,,"[1, 121, 122, 159]",,,,LV-LOW
163,"[1, 121, 122, 159]",sms,20,50000,Arabic,20,,5,0.0,0.0,7,Monday,Karachi,True,50000,1000,1,,"[1, 121, 122, 159]",,,,LV-HIGH
164,"[1, 121, 122, 159]",sms,20,50000,Arabic,20,,5,0.0,0.0,7,Monday,Lahore,True,50000,1000,1,,"[1, 121, 122, 159]",,,,LV-LOW
165,"[1, 121, 122, 159]",sms,20,50000,Arabic,20,,5,0.0,0.0,7,Monday,Lahore,True,50000,1000,1,,"[1, 121, 122, 159]",,,,LV-HIGH
166,"[1, 121, 122, 159]",sms,20,50000,Arabic,20,,5,0.0,0.0,7,Monday,Islamabad,True,50000,1000,1,,"[1, 121, 122, 159]",,,,LV-LOW
167,"[1, 121, 122, 159]",sms,20,50000,Arabic,20,,5,0.0,0.0,7,Monday,Islamabad,True,50000,1000,1,,"[1, 121, 122, 159]",,,,LV-HIGH
168,"[1, 121, 122, 159]",sms,20,100000,English,15,,5,0.0,0.0,7,Monday,Karachi,True,50000,1000,1,,"[1, 121, 122, 159]",,,,LV-LOW
169,"[1, 121, 122, 159]",sms,20,100000,English,15,,5,0.0,0.0,7,Monday,Karachi,True,50000,1000,1,,"[1, 121, 122, 159]",,,,LV-HIGH
170,"[1, 121, 122, 159]",sms,20,100000,English,15,,5,0.0,0.0,7,Monday,Lahore,True,50000,1000,1,,"[1, 121, 122, 159]",,,,LV-LOW
171,"[1, 121, 122, 159]",sms,20,100000,English,15,,5,0.0,0.0,7,Monday,Lahore,True,50000,1000,1,,"[1, 121, 122, 159]",,,,LV-HIGH
172,"[1, 121, 122, 159]",sms,20,100000,English,15,,5,0.0,0.0,7,Monday,Islamabad,True,50000,1000,1,,"[1, 121, 122, 159]",,,,LV-LOW
173,"[1, 121, 122, 159]",sms,20,100000,English,15,,5,0.0,0.0,7,Monday,Islamabad,True,50000,1000,1,,"[1, 121, 122, 159]",,,,LV-HIGH
174,"[1, 121, 122, 159]",sms,20,100000,English,20,,5,0.0,0.0,7,Monday,Karachi,True,50000,1000,1,,"[1, 121, 122, 159]",,,,LV-LOW
175,"[1, 121, 122, 159]",sms,20,100000,English,20,,5,0.0,0.0,7,Monday,Karachi,True,50000,1000,1,,"[1, 121, 122, 159]",,,,LV-HIGH
176,"[1, 121, 122, 159]",sms,20,100000,English,20,,5,0.0,0.0,7,Monday,Lahore,True,50000,1000,1,,"[1, 121, 122, 159]",,,,LV-LOW
177,"[1, 121, 122, 159]",sms,20,100000,English,20,,5,0.0,0.0,7,Monday,Lahore,True,50000,1000,1,,"[1, 121, 122, 159]",,,,LV-HIGH
178,"[1, 121, 122, 159]",sms,20,100000,English,20,,5,0.0,0.0,7,Monday,Islamabad,True,50000,1000,1,,"[1, 121, 122, 159]",,,,LV-LOW
179,"[1, 121, 122, 159]",sms,20,100000,English,20,,5,0.0,0.0,7,Monday,Islamabad,True,50000,1000,1,,"[1, 121, 122, 159]",,,,LV-HIGH
180,"[1, 121, 122, 159]",sms,20,100000,Arabic,15,,5,0.0,0.0,7,Monday,Karachi,True,50000,1000,1,,"[1, 121, 122, 159]",,,,LV-LOW
181,"[1, 121, 122, 159]",sms,20,100000,Arabic,15,,5,0.0,0.0,7,Monday,Karachi,True,50000,1000,1,,"[1, 121, 122, 159]",,,,LV-HIGH
182,"[1, 121, 122, 159]",sms,20,100000,Arabic,15,,5,0.0,0.0,7,Monday,Lahore,True,50000,1000,1,,"[1, 121, 122, 159]",,,,LV-LOW
183,"[1, 121, 122, 159]",sms,20,100000,Arabic,15,,5,0.0,0.0,7,Monday,Lahore,True,50000,1000,1,,"[1, 121, 122, 159]",,,,LV-HIGH
184,"[1, 121, 122, 159]",sms,20,100000,Arabic,15,,5,0.0,0.0,7,Monday,Islamabad,True,50000,1000,1,,"[1, 121, 122, 159]",,,,LV-LOW
185,"[1, 121, 122, 159]",sms,20,100000,Arabic,15,,5,0.0,0.0,7,Monday,Islamabad,True,50000,1000,1,,"[1, 121, 122, 159]",,,,LV-HIGH
186,"[1, 121, 122, 159]",sms,20,100000,Arabic,20,,5,0.0,0.0,7,Monday,Karachi,True,50000,1000,1,,"[1, 121, 122, 159]",,,,LV-LOW
187,"[1, 121, 122, 159]",sms,20,100000,Arabic,20,,5,0.0,0.0,7,Monday,Karachi,True,50000,1000,1,,"[1, 121, 122, 159]",,,,LV-HIGH
188,"[1, 121, 122, 159]",sms,20,100000,Arabic,20,,5,0.0,0.0,7,Monday,Lahore,True,50000,1000,1,,"[1, 121, 122, 159]",,,,LV-LOW
189,"[1, 121, 122, 159]",sms,20,100000,Arabic,20,,5,0.0,0.0,7,Monday,Lahore,True,50000,1000,1,,"[1, 121, 122, 159]",,,,LV-HIGH
190,"[1, 121, 122, 159]",sms,20,100000,Arabic,20,,5,0.0,0.0,7,Monday,Islamabad,True,50000,1000,1,,"[1, 121, 122, 159]",,,,LV-LOW
191,"[1, 121, 122, 159]",sms,20,100000,Arabic,20,,5,0.0,0.0,7,Monday,Islamabad,True,50000,1000,1,,"[1, 121, 122, 159]",,,,LV-HIGH
192,"[1, 121, 122, 159]",sms,25,10000,English,15,,5,0.0,0.0,7,Monday,Karachi,True,50000,1000,1,,"[1, 121, 122, 159]",,,,LV-LOW
193,"[1, 121, 122, 159]",sms,25,10000,English,15,,5,0.0,0.0,7,Monday,Karachi,True,50000,1000,1,,"[1, 121, 122, 159]",,,,LV-HIGH
194,"[1, 121, 122, 159]",sms,25,10000,English,15,,5,0.0,0.0,7,Monday,Lahore,True,50000,1000,1,,"[1, 121, 122, 159]",,,,LV-LOW
195,"[1, 121, 122, 159]",sms,25,10000,English,15,,5,0.0,0.0,7,Monday,Lahore,True,50000,1000,1,,"[1, 121, 122, 159]",,,,LV-HIGH
196,"[1, 121, 122, 159]",sms,25,10000,English,15,,5,0.0,0.0,7,Monday,Islamabad,True,50000,1000,1,,"[1, 121, 122, 159]",,,,LV-LOW
197,"[1, 121, 122, 159]",sms,25,10000,English,15,,5,0.0,0.0,7,Monday,Islamabad,True,50000,1000,1,,"[1, 121, 122, 159]",,,,LV-HIGH
198,"[1, 121, 122, 159]",sms,25,10000,English,20,,5,0.0,0.0,7,Monday,Karachi,True,50000,1000,1,,"[1, 121, 122, 159]",,,,LV-LOW
199,"[1, 121, 122, 159]",sms,25,10000,English,20,,5,0.0,0.0,7,Monday,Karachi,True,50000,1000,1,,"[1, 121, 122, 159]",,,,LV-HIGH
200,"[1, 121, 122, 159]",sms,25,10000,English,20,,5,0.0,0.0,7,Monday,Lahore,True,50000,1000,1,,"[1, 121, 122, 159]",,,,LV-LOW
201,"[1, 121, 122, 159]",sms,25,10000,English,20,,5,0.0,0.0,7,Monday,Lahore,True,50000,1000,1,,"[1, 121, 122, 159]",,,,LV-HIGH
202,"[1, 121, 122, 159]",sms,25,10000,English,20,,5,0.0,0.0,7,Monday,Islamabad,True,50000,1000,1,,"[1, 121, 122, 159]",,,,LV-LOW
203,"[1, 121, 122, 159]",sms,25,10000,English,20,,5,0.0,0.0,7,Monday,Islamabad,True,50000,1000,1,,"[1, 121, 122, 159]",,,,LV-HIGH
204,"[1, 121, 122, 159]",sms,25,10000,Arabic,15,,5,0.0,0.0,7,Monday,Karachi,True,50000,1000,1,,"[1, 121, 122, 159]",,,,LV-LOW
205,"[1, 121, 122, 159]",sms,25,10000,Arabic,15,,5,0.0,0.0,7,Monday,Karachi,True,50000,1000,1,,"[1, 121, 122, 159]",,,,LV-HIGH
206,"[1, 121, 122, 159]",sms,25,10000,Arabic,15,,5,0.0,0.0,7,Monday,Lahore,True,50000,1000,1,,"[1, 121, 122, 159]",,,,LV-LOW
207,"[1, 121, 122, 159]",sms,25,10000,Arabic,15,,5,0.0,0.0,7,Monday,Lahore,True,50000,1000,1,,"[1, 121, 122, 159]",,,,LV-HIGH
208,"[1, 121, 122, 159]",sms,25,10000,Arabic,15,,5,0.0,0.0,7,Monday,Islamabad,True,50000,1000,1,,"[1, 121, 122, 159]",,,,LV-LOW
209,"[1, 121, 122, 159]",sms,25,10000,Arabic,15,,5,0.0,0.0,7,Monday,Islamabad,True,50000,1000,1,,"[1, 121, 122, 159]",,,,LV-HIGH
210,"[1, 121, 122, 159]",sms,25,10000,Arabic,20,,5,0.0,0.0,7,Monday,Karachi,True,50000,1000,1,,"[1, 121, 122, 159]",,,,LV-LOW
211,"[1, 121, 122, 159]",sms,25,10000,Arabic,20,,5,0.0,0.0,7,Monday,Karachi,True,50000,1000,1,,"[1, 121, 122, 159]",,,,LV-HIGH
212,"[1, 121, 122, 159]",sms,25,10000,Arabic,20,,5,0.0,0.0,7,Monday,Lahore,True,50000,1000,1,,"[1, 121, 122, 159]",,,,LV-LOW
213,"[1, 121, 122, 159]",sms,25,10000,Arabic,20,,5,0.0,0.0,7,Monday,Lahore,True,50000,1000,1,,"[1, 121, 122, 159]",,,,LV-HIGH
214,"[1, 121, 122, 159]",sms,25,10000,Arabic,20,,5,0.0,0.0,7,Monday,Islamabad,True,50000,1000,1,,"[1, 121, 122, 159]",,,,LV-LOW
215,"[1, 121, 122, 159]",sms,25,10000,Arabic,20,,5,0.0,0.0,7,Monday,Islamabad,True,50000,1000,1,,"[1, 121, 122, 159]",,,,LV-HIGH
216,"[1, 121, 122, 159]",sms,25,20000,English,15,,5,0.0,0.0,7,Monday,Karachi,True,50000,1000,1,,"[1, 121, 122, 159]",,,,LV-LOW
217,"[1, 121, 122, 159]",sms,25,20000,English,15,,5,0.0,0.0,7,Monday,Karachi,True,50000,1000,1,,"[1, 121, 122, 159]",,,,LV-HIGH
218,"[1, 121, 122, 159]",sms,25,20000,English,15,,5,0.0,0.0,7,Monday,Lahore,True,50000,1000,1,,"[1, 121, 122, 159]",,,,LV-LOW
219,"[1, 121, 122, 159]",sms,25,20000,English,15,,5,0.0,0.0,7,Monday,Lahore,True,50000,1000,1,,"[1, 121, 122, 159]",,,,LV-HIGH
220,"[1, 121, 122, 159]",sms,25,20000,English,15,,5,0.0,0.0,7,Monday,Islamabad,True,50000,1000,1,,"[1, 121, 122, 159]",,,,LV-LOW
221,"[1, 121, 122, 159]",sms,25,20000,English,15,,5,0.0,0.0,7,Monday,Islamabad,True,50000,1000,1,,"[1, 121, 122, 159]",,,,LV-HIGH
222,"[1, 121, 122, 159]",sms,25,20000,English,20,,5,0.0,0.0,7,Monday,Karachi,True,50000,1000,1,,"[1, 121, 122, 159]",,,,LV-LOW
223,"[1, 121, 122, 159]",sms,25,20000,English,20,,5,0.0,0.0,7,Monday,Karachi,True,50000,1000,1,,"[1, 121, 122, 159]",,,,LV-HIGH
224,"[1, 121, 122, 159]",sms,25,20000,English,20,,5,0.0,0.0,7,Monday,Lahore,True,50000,1000,1,,"[1, 121, 122, 159]",,,,LV-LOW
225,"[1, 121, 122, 159]",sms,25,20000,English,20,,5,0.0,0.0,7,Monday,Lahore,True,50000,1000,1,,"[1, 121, 122, 159]",,,,LV-HIGH
226,"[1, 121, 122, 159]",sms,25,20000,English,20,,5,0.0,0.0,7,Monday,Islamabad,True,50000,1000,1,,"[1, 121, 122, 159]",,,,LV-LOW
227,"[1, 121, 122, 159]",sms,25,20000,English,20,,5,0.0,0.0,7,Monday,Islamabad,True,50000,1000,1,,"[1, 121, 122, 159]",,,,LV-HIGH
228,"[1, 121, 122, 159]",sms,25,20000,Arabic,15,,5,0.0,0.0,7,Monday,Karachi,True,50000,1000,1,,"[1, 121, 122, 159]",,,,LV-LOW
229,"[1, 121, 122, 159]",sms,25,20000,Arabic,15,,5,0.0,0.0,7,Monday,Karachi,True,50000,1000,1,,"[1, 121, 122, 159]",,,,LV-HIGH
230,"[1, 121, 122, 159]",sms,25,20000,Arabic,15,,5,0.0,0.0,7,Monday,Lahore,True,50000,1000,1,,"[1, 121, 122, 159]",,,,LV-LOW
231,"[1, 121, 122, 159]",sms,25,20000,Arabic,15,,5,0.0,0.0,7,Monday,Lahore,True,50000,1000,1,,"[1, 121, 122, 159]",,,,LV-HIGH
232,"[1, 121, 122, 159]",sms,25,20000,Arabic,15,,5,0.0,0.0,7,Monday,Islamabad,True,50000,1000,1,,"[1, 121, 122, 159]",,,,LV-LOW
233,"[1, 121, 122, 159]",sms,25,20000,Arabic,15,,5,0.0,0.0,7,Monday,Islamabad,True,50000,1000,1,,"[1, 121, 122, 159]",,,,LV-HIGH
234,"[1, 121, 122, 159]",sms,25,20000,Arabic,20,,5,0.0,0.0,7,Monday,Karachi,True,50000,1000,1,,"[1, 121, 122, 159]",,,,LV-LOW
235,"[1, 121, 122, 159]",sms,25,20000,Arabic,20,,5,0.0,0.0,7,Monday,Karachi,True,50000,1000,1,,"[1, 121, 122, 159]",,,,LV-HIGH
236,"[1, 121, 122, 159]",sms,25,20000,Arabic,20,,5,0.0,0.0,7,Monday,Lahore,True,50000,1000,1,,"[1, 121, 122, 159]",,,,LV-LOW
237,"[1, 121, 122, 159]",sms,25,20000,Arabic,20,,5,0.0,0.0,7,Monday,Lahore,True,50000,1000,1,,"[1, 121, 122, 159]",,,,LV-HIGH
238,"[1, 121, 122, 159]",sms,25,20000,Arabic,20,,5,0.0,0.0,7,Monday,Islamabad,True,50000,1000,1,,"[1, 121, 122, 159]",,,,LV-LOW
239,"[1, 121, 122, 159]",sms,25,20000,Arabic,20,,5,0.0,0.0,7,Monday,Islamabad,True,50000,1000,1,,"[1, 121, 122, 159]",,,,LV-HIGH
240,"[1, 121, 122, 159]",sms,25,50000,English,15,,5,0.0,0.0,7,Monday,Karachi,True,50000,1000,1,,"[1, 121, 122, 159]",,,,LV-LOW
241,"[1, 121, 122, 159]",sms,25,50000,English,15,,5,0.0,0.0,7,Monday,Karachi,True,50000,1000,1,,"[1, 121, 122, 159]",,,,LV-HIGH
242,"[1, 121, 122, 159]",sms,25,50000,English,15,,5,0.0,0.0,7,Monday,Lahore,True,50000,1000,1,,"[1, 121, 122, 159]",,,,LV-LOW
243,"[1, 121, 122, 159]",sms,25,50000,English,15,,5,0.0,0.0,7,Monday,Lahore,True,50000,1000,1,,"[1, 121, 122, 159]",,,,LV-HIGH
244,"[1, 121, 122, 159]",sms,25,50000,English,15,,5,0.0,0.0,7,Monday,Islamabad,True,50000,1000,1,,"[1, 121, 122, 159]",,,,LV-LOW
245,"[1, 121, 122, 159]",sms,25,50000,English,15,,5,0.0,0.0,7,Monday,Islamabad,True,50000,1000,1,,"[1, 121, 122, 159]",,,,LV-HIGH
246,"[1, 121, 122, 159]",sms,25,50000,English,20,,5,0.0,0.0,7,Monday,Karachi,True,50000,1000,1,,"[1, 121, 122, 159]",,,,LV-LOW
247,"[1, 121, 122, 159]",sms,25,50000,English,20,,5,0.0,0.0,7,Monday,Karachi,True,50000,1000,1,,"[1, 121, 122, 159]",,,,LV-HIGH
248,"[1, 121, 122, 159]",sms,25,50000,English,20,,5,0.0,0.0,7,Monday,Lahore,True,50000,1000,1,,"[1, 121, 122, 159]",,,,LV-LOW
249,"[1, 121, 122, 159]",sms,25,50000,English,20,,5,0.0,0.0,7,Monday,Lahore,True,50000,1000,1,,"[1, 121, 122, 159]",,,,LV-HIGH
250,"[1, 121, 122, 159]",sms,25,50000,English,20,,5,0.0,0.0,7,Monday,Islamabad,True,50000,1000,1,,"[1, 121, 122, 159]",,,,LV-LOW
251,"[1, 121, 122, 159]",sms,25,50000,English,20,,5,0.0,0.0,7,Monday,Islamabad,True,50000,1000,1,,"[1, 121, 122, 159]",,,,LV-HIGH
252,"[1, 121, 122, 159]",sms,25,50000,Arabic,15,,5,0.0,0.0,7,Monday,Karachi,True,50000,1000,1,,"[1, 121, 122, 159]",,,,LV-LOW
253,"[1, 121, 122, 159]",sms,25,50000,Arabic,15,,5,0.0,0.0,7,Monday,Karachi,True,50000,1000,1,,"[1, 121, 122, 159]",,,,LV-HIGH
254,"[1, 121, 122, 159]",sms,25,50000,Arabic,15,,5,0.0,0.0,7,Monday,Lahore,True,50000,1000,1,,"[1, 121, 122, 159]",,,,LV-LOW
255,"[1, 121, 122, 159]",sms,25,50000,Arabic,15,,5,0.0,0.0,7,Monday,Lahore,True,50000,1000,1,,"[1, 121, 122, 159]",,,,LV-HIGH
256,"[1, 121, 122, 159]",sms,25,50000,Arabic,15,,5,0.0,0.0,7,Monday,Islamabad,True,50000,1000,1,,"[1, 121, 122, 159]",,,,LV-LOW
257,"[1, 121, 122, 159]",sms,25,50000,Arabic,15,,5,0.0,0.0,7,Monday,Islamabad,True,50000,1000,1,,"[1, 121, 122, 159]",,,,LV-HIGH
258,"[1, 121, 122, 159]",sms,25,50000,Arabic,20,,5,0.0,0.0,7,Monday,Karachi,True,50000,1000,1,,"[1, 121, 122, 159]",,,,LV-LOW
259,"[1, 121, 122, 159]",sms,25,50000,Arabic,20,,5,0.0,0.0,7,Monday,Karachi,True,50000,1000,1,,"[1, 121, 122, 159]",,,,LV-HIGH
260,"[1, 121, 122, 159]",sms,25,50000,Arabic,20,,5,0.0,0.0,7,Monday,Lahore,True,50000,1000,1,,"[1, 121, 122, 159]",,,,LV-LOW
261,"[1, 121, 122, 159]",sms,25,50000,Arabic,20,,5,0.0,0.0,7,Monday,Lahore,True,50000,1000,1,,"[1, 121, 122, 159]",,,,LV-HIGH
262,"[1, 121, 122, 159]",sms,25,50000,Arabic,20,,5,0.0,0.0,7,Monday,Islamabad,True,50000,1000,1,,"[1, 121, 122, 159]",,,,LV-LOW
263,"[1, 121, 122, 159]",sms,25,50000,Arabic,20,,5,0.0,0.0,7,Monday,Islamabad,True,50000,1000,1,,"[1, 121, 122, 159]",,,,LV-HIGH
264,"[1, 121, 122, 159]",sms,25,100000,English,15,,5,0.0,0.0,7,Monday,Karachi,True,50000,1000,1,,"[1, 121, 122, 159]",,,,LV-LOW
265,"[1, 121, 122, 159]",sms,25,100000,English,15,,5,0.0,0.0,7,Monday,Karachi,True,50000,1000,1,,"[1, 121, 122, 159]",,,,LV-HIGH
266,"[1, 121, 122, 159]",sms,25,100000,English,15,,5,0.0,0.0,7,Monday,Lahore,True,50000,1000,1,,"[1, 121, 122, 159]",,,,LV-LOW
267,"[1, 121, 122, 159]",sms,25,100000,English,15,,5,0.0,0.0,7,Monday,Lahore,True,50000,1000,1,,"[1, 121, 122, 159]",,,,LV-HIGH
268,"[1, 121, 122, 159]",sms,25,100000,English,15,,5,0.0,0.0,7,Monday,Islamabad,True,50000,1000,1,,"[1, 121, 122, 159]",,,,LV-LOW
269,"[1, 121, 122, 159]",sms,25,100000,English,15,,5,0.0,0.0,7,Monday,Islamabad,True,50000,1000,1,,"[1, 121, 122, 159]",,,,LV-HIGH
270,"[1, 121, 122, 159]",sms,25,100000,English,20,,5,0.0,0.0,7,Monday,Karachi,True,50000,1000,1,,"[1, 121, 122, 159]",,,,LV-LOW
271,"[1, 121, 122, 159]",sms,25,100000,English,20,,5,0.0,0.0,7,Monday,Karachi,True,50000,1000,1,,"[1, 121, 122, 159]",,,,LV-HIGH
272,"[1, 121, 122, 159]",sms,25,100000,English,20,,5,0.0,0.0,7,Monday,Lahore,True,50000,1000,1,,"[1, 121, 122, 159]",,,,LV-LOW
273,"[1, 121, 122, 159]",sms,25,100000,English,20,,5,0.0,0.0,7,Monday,Lahore,True,50000,1000,1,,"[1, 121, 122, 159]",,,,LV-HIGH
274,"[1, 121, 122, 159]",sms,25,100000,English,20,,5,0.0,0.0,7,Monday,Islamabad,True,50000,1000,1,,"[1, 121, 122, 159]",,,,LV-LOW
275,"[1, 121, 122, 159]",sms,25,100000,English,20,,5,0.0,0.0,7,Monday,Islamabad,True,50000,1000,1,,"[1, 121, 122, 159]",,,,LV-HIGH
276,"[1, 121, 122, 159]",sms,25,100000,Arabic,15,,5,0.0,0.0,7,Monday,Karachi,True,50000,1000,1,,"[1, 121, 122, 159]",,,,LV-LOW
277,"[1, 121, 122, 159]",sms,25,100000,Arabic,15,,5,0.0,0.0,7,Monday,Karachi,True,50000,1000,1,,"[1, 121, 122, 159]",,,,LV-HIGH
278,"[1, 121, 122, 159]",sms,25,100000,Arabic,15,,5,0.0,0.0,7,Monday,Lahore,True,50000,1000,1,,"[1, 121, 122, 159]",,,,LV-LOW
279,"[1, 121, 122, 159]",sms,25,100000,Arabic,15,,5,0.0,0.0,7,Monday,Lahore,True,50000,1000,1,,"[1, 121, 122, 159]",,,,LV-HIGH
280,"[1, 121, 122, 159]",sms,25,100000,Arabic,15,,5,0.0,0.0,7,Monday,Islamabad,True,50000,1000,1,,"[1, 121, 122, 159]",,,,LV-LOW
281,"[1, 121, 122, 159]",sms,25,100000,Arabic,15,,5,0.0,0.0,7,Monday,Islamabad,True,50000,1000,1,,"[1, 121, 122, 159]",,,,LV-HIGH
282,"[1, 121, 122, 159]",sms,25,100000,Arabic,20,,5,0.0,0.0,7,Monday,Karachi,True,50000,1000,1,,"[1, 121, 122, 159]",,,,LV-LOW
283,"[1, 121, 122, 159]",sms,25,100000,Arabic,20,,5,0.0,0.0,7,Monday,Karachi,True,50000,1000,1,,"[1, 121, 122, 159]",,,,LV-HIGH
284,"[1, 121, 122, 159]",sms,25,100000,Arabic,20,,5,0.0,0.0,7,Monday,Lahore,True,50000,1000,1,,"[1, 121, 122, 159]",,,,LV-LOW
285,"[1, 121, 122, 159]",sms,25,100000,Arabic,20,,5,0.0,0.0,7,Monday,Lahore,True,50000,1000,1,,"[1, 121, 122, 159]",,,,LV-HIGH
286,"[1, 121, 122, 159]",sms,25,100000,Arabic,20,,5,0.0,0.0,7,Monday,Islamabad,True,50000,1000,1,,"[1, 121, 122, 159]",,,,LV-LOW
287,"[1, 121, 122, 159]",sms,25,100000,Arabic,20,,5,0.0,0.0,7,Monday,Islamabad,True,50000,1000,1,,"[1, 121, 122, 159]",,,,LV-HIGH
288,"[1, 121, 122, 159]",sms,30,10000,English,15,,5,0.0,0.0,7,Monday,Karachi,True,50000,1000,1,,"[1, 121, 122, 159]",,,,LV-LOW
289,"[1, 121, 122, 159]",sms,30,10000,English,15,,5,0.0,0.0,7,Monday,Karachi,True,50000,1000,1,,"[1, 121, 122, 159]",,,,LV-HIGH
290,"[1, 121, 122, 159]",sms,30,10000,English,15,,5,0.0,0.0,7,Monday,Lahore,True,50000,1000,1,,"[1, 121, 122, 159]",,,,LV-LOW
291,"[1, 121, 122, 159]",sms,30,10000,English,15,,5,0.0,0.0,7,Monday,Lahore,True,50000,1000,1,,"[1, 121, 122, 159]",,,,LV-HIGH
292,"[1, 121, 122, 159]",sms,30,10000,English,15,,5,0.0,0.0,7,Monday,Islamabad,True,50000,1000,1,,"[1, 121, 122, 159]",,,,LV-LOW
293,"[1, 121, 122, 159]",sms,30,10000,English,15,,5,0.0,0.0,7,Monday,Islamabad,True,50000,1000,1,,"[1, 121, 122, 159]",,,,LV-HIGH
294,"[1, 121, 122, 159]",sms,30,10000,English,20,,5,0.0,0.0,7,Monday,Karachi,True,50000,1000,1,,"[1, 121, 122, 159]",,,,LV-LOW
295,"[1, 121, 122, 159]",sms,30,10000,English,20,,5,0.0,0.0,7,Monday,Karachi,True,50000,1000,1,,"[1, 121, 122, 159]",,,,LV-HIGH
296,"[1, 121, 122, 159]",sms,30,10000,English,20,,5,0.0,0.0,7,Monday,Lahore,True,50000,1000,1,,"[1, 121, 122, 159]",,,,LV-LOW
297,"[1, 121, 122, 159]",sms,30,10000,English,20,,5,0.0,0.0,7,Monday,Lahore,True,50000,1000,1,,"[1, 121, 122, 159]",,,,LV-HIGH
298,"[1, 121, 122, 159]",sms,30,10000,English,20,,5,0.0,0.0,7,Monday,Islamabad,True,50000,1000,1,,"[1, 121, 122, 159]",,,,LV-LOW
299,"[1, 121, 122, 159]",sms,30,10000,English,20,,5,0.0,0.0,7,Monday,Islamabad,True,50000,1000,1,,"[1, 121, 122, 159]",,,,LV-HIGH
300,"[1, 121, 122, 159]",sms,30,10000,Arabic,15,,5,0.0,0.0,7,Monday,Karachi,True,50000,1000,1,,"[1, 121, 122, 159]",,,,LV-LOW
301,"[1, 121, 122, 159]",sms,30,10000,Arabic,15,,5,0.0,0.0,7,Monday,Karachi,True,50000,1000,1,,"[1, 121, 122, 159]",,,,LV-HIGH
302,"[1, 121, 122, 159]",sms,30,10000,Arabic,15,,5,0.0,0.0,7,Monday,Lahore,True,50000,1000,1,,"[1, 121, 122, 159]",,,,LV-LOW
303,"[1, 121, 122, 159]",sms,30,10000,Arabic,15,,5,0.0,0.0,7,Monday,Lahore,True,50000,1000,1,,"[1, 121, 122, 159]",,,,LV-HIGH
304,"[1, 121, 122, 159]",sms,30,10000,Arabic,15,,5,0.0,0.0,7,Monday,Islamabad,True,50000,1000,1,,"[1, 121, 122, 159]",,,,LV-LOW
305,"[1, 121, 122, 159]",sms,30,10000,Arabic,15,,5,0.0,0.0,7,Monday,Islamabad,True,50000,1000,1,,"[1, 121, 122, 159]",,,,LV-HIGH
306,"[1, 121, 122, 159]",sms,30,10000,Arabic,20,,5,0.0,0.0,7,Monday,Karachi,True,50000,1000,1,,"[1, 121, 122, 159]",,,,LV-LOW
307,"[1, 121, 122, 159]",sms,30,10000,Arabic,20,,5,0.0,0.0,7,Monday,Karachi,True,50000,1000,1,,"[1, 121, 122, 159]",,,,LV-HIGH
308,"[1, 121, 122, 159]",sms,30,10000,Arabic,20,,5,0.0,0.0,7,Monday,Lahore,True,50000,1000,1,,"[1, 121, 122, 159]",,,,LV-LOW
309,"[1, 121, 122, 159]",sms,30,10000,Arabic,20,,5,0.0,0.0,7,Monday,Lahore,True,50000,1000,1,,"[1, 121, 122, 159]",,,,LV-HIGH
310,"[1, 121, 122, 159]",sms,30,10000,Arabic,20,,5,0.0,0.0,7,Monday,Islamabad,True,50000,1000,1,,"[1, 121, 122, 159]",,,,LV-LOW
311,"[1, 121, 122, 159]",sms,30,10000,Arabic,20,,5,0.0,0.0,7,Monday,Islamabad,True,50000,1000,1,,"[1, 121, 122, 159]",,,,LV-HIGH
312,"[1, 121, 122, 159]",sms,30,20000,English,15,,5,0.0,0.0,7,Monday,Karachi,True,50000,1000,1,,"[1, 121, 122, 159]",,,,LV-LOW
313,"[1, 121, 122, 159]",sms,30,20000,English,15,,5,0.0,0.0,7,Monday,Karachi,True,50000,1000,1,,"[1, 121, 122, 159]",,,,LV-HIGH
314,"[1, 121, 122, 159]",sms,30,20000,English,15,,5,0.0,0.0,7,Monday,Lahore,True,50000,1000,1,,"[1, 121, 122, 159]",,,,LV-LOW
315,"[1, 121, 122, 159]",sms,30,20000,English,15,,5,0.0,0.0,7,Monday,Lahore,True,50000,1000,1,,"[1, 121, 122, 159]",,,,LV-HIGH
316,"[1, 121, 122, 159]",sms,30,20000,English,15,,5,0.0,0.0,7,Monday,Islamabad,True,50000,1000,1,,"[1, 121, 122, 159]",,,,LV-LOW
317,"[1, 121, 122, 159]",sms,30,20000,English,15,,5,0.0,0.0,7,Monday,Islamabad,True,50000,1000,1,,"[1, 121, 122, 159]",,,,LV-HIGH
318,"[1, 121, 122, 159]",sms,30,20000,English,20,,5,0.0,0.0,7,Monday,Karachi,True,50000,1000,1,,"[1, 121, 122, 159]",,,,LV-LOW
319,"[1, 121, 122, 159]",sms,30,20000,English,20,,5,0.0,0.0,7,Monday,Karachi,True,50000,1000,1,,"[1, 121, 122, 159]",,,,LV-HIGH
320,"[1, 121, 122, 159]",sms,30,20000,English,20,,5,0.0,0.0,7,Monday,Lahore,True,50000,1000,1,,"[1, 121, 122, 159]",,,,LV-LOW
321,"[1, 121, 122, 159]",sms,30,20000,English,20,,5,0.0,0.0,7,Monday,Lahore,True,50000,1000,1,,"[1, 121, 122, 159]",,,,LV-HIGH
322,"[1, 121, 122, 159]",sms,30,20000,English,20,,5,0.0,0.0,7,Monday,Islamabad,True,50000,1000,1,,"[1, 121, 122, 159]",,,,LV-LOW
323,"[1, 121, 122, 159]",sms,30,20000,English,20,,5,0.0,0.0,7,Monday,Islamabad,True,50000,1000,1,,"[1, 121, 122, 159]",,,,LV-HIGH
324,"[1, 121, 122, 159]",sms,30,20000,Arabic,15,,5,0.0,0.0,7,Monday,Karachi,True,50000,1000,1,,"[1, 121, 122, 159]",,,,LV-LOW
325,"[1, 121, 122, 159]",sms,30,20000,Arabic,15,,5,0.0,0.0,7,Monday,Karachi,True,50000,1000,1,,"[1, 121, 122, 159]",,,,LV-HIGH
326,"[1, 121, 122, 159]",sms,30,20000,Arabic,15,,5,0.0,0.0,7,Monday,Lahore,True,50000,1000,1,,"[1, 121, 122, 159]",,,,LV-LOW
327,"[1, 121, 122, 159]",sms,30,20000,Arabic,15,,5,0.0,0.0,7,Monday,Lahore,True,50000,1000,1,,"[1, 121, 122, 159]",,,,LV-HIGH
328,"[1, 121, 122, 159]",sms,30,20000,Arabic,15,,5,0.0,0.0,7,Monday,Islamabad,True,50000,1000,1,,"[1, 121, 122, 159]",,,,LV-LOW
329,"[1, 121, 122, 159]",sms,30,20000,Arabic,15,,5,0.0,0.0,7,Monday,Islamabad,True,50000,1000,1,,"[1, 121, 122, 159]",,,,LV-HIGH
330,"[1, 121, 122, 159]",sms,30,20000,Arabic,20,,5,0.0,0.0,7,Monday,Karachi,True,50000,1000,1,,"[1, 121, 122, 159]",,,,LV-LOW
331,"[1, 121, 122, 159]",sms,30,20000,Arabic,20,,5,0.0,0.0,7,Monday,Karachi,True,50000,1000,1,,"[1, 121, 122, 159]",,,,LV-HIGH
332,"[1, 121, 122, 159]",sms,30,20000,Arabic,20,,5,0.0,0.0,7,Monday,Lahore,True,50000,1000,1,,"[1, 121, 122, 159]",,,,LV-LOW
333,"[1, 121, 122, 159]",sms,30,20000,Arabic,20,,5,0.0,0.0,7,Monday,Lahore,True,50000,1000,1,,"[1, 121, 122, 159]",,,,LV-HIGH
334,"[1, 121, 122, 159]",sms,30,20000,Arabic,20,,5,0.0,0.0,7,Monday,Islamabad,True,50000,1000,1,,"[1, 121, 122, 159]",,,,LV-LOW
335,"[1, 121, 122, 159]",sms,30,20000,Arabic,20,,5,0.0,0.0,7,Monday,Islamabad,True,50000,1000,1,,"[1, 121, 122, 159]",,,,LV-HIGH
336,"[1, 121, 122, 159]",sms,30,50000,English,15,,5,0.0,0.0,7,Monday,Karachi,True,50000,1000,1,,"[1, 121, 122, 159]",,,,LV-LOW
337,"[1, 121, 122, 159]",sms,30,50000,English,15,,5,0.0,0.0,7,Monday,Karachi,True,50000,1000,1,,"[1, 121, 122, 159]",,,,LV-HIGH
338,"[1, 121, 122, 159]",sms,30,50000,English,15,,5,0.0,0.0,7,Monday,Lahore,True,50000,1000,1,,"[1, 121, 122, 159]",,,,LV-LOW
339,"[1, 121, 122, 159]",sms,30,50000,English,15,,5,0.0,0.0,7,Monday,Lahore,True,50000,1000,1,,"[1, 121, 122, 159]",,,,LV-HIGH
340,"[1, 121, 122, 159]",sms,30,50000,English,15,,5,0.0,0.0,7,Monday,Islamabad,True,50000,1000,1,,"[1, 121, 122, 159]",,,,LV-LOW
341,"[1, 121, 122, 159]",sms,30,50000,English,15,,5,0.0,0.0,7,Monday,Islamabad,True,50000,1000,1,,"[1, 121, 122, 159]",,,,LV-HIGH
342,"[1, 121, 122, 159]",sms,30,50000,English,20,,5,0.0,0.0,7,Monday,Karachi,True,50000,1000,1,,"[1, 121, 122, 159]",,,,LV-LOW
343,"[1, 121, 122, 159]",sms,30,50000,English,20,,5,0.0,0.0,7,Monday,Karachi,True,50000,1000,1,,"[1, 121, 122, 159]",,,,LV-HIGH
344,"[1, 121, 122, 159]",sms,30,50000,English,20,,5,0.0,0.0,7,Monday,Lahore,True,50000,1000,1,,"[1, 121, 122, 159]",,,,LV-LOW
345,"[1, 121, 122, 159]",sms,30,50000,English,20,,5,0.0,0.0,7,Monday,Lahore,True,50000,1000,1,,"[1, 121, 122, 159]",,,,LV-HIGH
346,"[1, 121, 122, 159]",sms,30,50000,English,20,,5,0.0,0.0,7,Monday,Islamabad,True,50000,1000,1,,"[1, 121, 122, 159]",,,,LV-LOW
347,"[1, 121, 122, 159]",sms,30,50000,English,20,,5,0.0,0.0,7,Monday,Islamabad,True,50000,1000,1,,"[1, 121, 122, 159]",,,,LV-HIGH
348,"[1, 121, 122, 159]",sms,30,50000,Arabic,15,,5,0.0,0.0,7,Monday,Karachi,True,50000,1000,1,,"[1, 121, 122, 159]",,,,LV-LOW
349,"[1, 121, 122, 159]",sms,30,50000,Arabic,15,,5,0.0,0.0,7,Monday,Karachi,True,50000,1000,1,,"[1, 121, 122, 159]",,,,LV-HIGH
350,"[1, 121, 122, 159]",sms,30,50000,Arabic,15,,5,0.0,0.0,7,Monday,Lahore,True,50000,1000,1,,"[1, 121, 122, 159]",,,,LV-LOW
351,"[1, 121, 122, 159]",sms,30,50000,Arabic,15,,5,0.0,0.0,7,Monday,Lahore,True,50000,1000,1,,"[1, 121, 122, 159]",,,,LV-HIGH
352,"[1, 121, 122, 159]",sms,30,50000,Arabic,15,,5,0.0,0.0,7,Monday,Islamabad,True,50000,1000,1,,"[1, 121, 122, 159]",,,,LV-LOW
353,"[1, 121, 122, 159]",sms,30,50000,Arabic,15,,5,0.0,0.0,7,Monday,Islamabad,True,50000,1000,1,,"[1, 121, 122, 159]",,,,LV-HIGH
354,"[1, 121, 122, 159]",sms,30,50000,Arabic,20,,5,0.0,0.0,7,Monday,Karachi,True,50000,1000,1,,"[1, 121, 122, 159]",,,,LV-LOW
355,"[1, 121, 122, 159]",sms,30,50000,Arabic,20,,5,0.0,0.0,7,Monday,Karachi,True,50000,1000,1,,"[1, 121, 122, 159]",,,,LV-HIGH
356,"[1, 121, 122, 159]",sms,30,50000,Arabic,20,,5,0.0,0.0,7,Monday,Lahore,True,50000,1000,1,,"[1, 121, 122, 159]",,,,LV-LOW
357,"[1, 121, 122, 159]",sms,30,50000,Arabic,20,,5,0.0,0.0,7,Monday,Lahore,True,50000,1000,1,,"[1, 121, 122, 159]",,,,LV-HIGH
358,"[1, 121, 122, 159]",sms,30,50000,Arabic,20,,5,0.0,0.0,7,Monday,Islamabad,True,50000,1000,1,,"[1, 121, 122, 159]",,,,LV-LOW
359,"[1, 121, 122, 159]",sms,30,50000,Arabic,20,,5,0.0,0.0,7,Monday,Islamabad,True,50000,1000,1,,"[1, 121, 122, 159]",,,,LV-HIGH
360,"[1, 121, 122, 159]",sms,30,100000,English,15,,5,0.0,0.0,7,Monday,Karachi,True,50000,1000,1,,"[1, 121, 122, 159]",,,,LV-LOW
361,"[1, 121, 122, 159]",sms,30,100000,English,15,,5,0.0,0.0,7,Monday,Karachi,True,50000,1000,1,,"[1, 121, 122, 159]",,,,LV-HIGH
362,"[1, 121, 122, 159]",sms,30,100000,English,15,,5,0.0,0.0,7,Monday,Lahore,True,50000,1000,1,,"[1, 121, 122, 159]",,,,LV-LOW
363,"[1, 121, 122, 159]",sms,30,100000,English,15,,5,0.0,0.0,7,Monday,Lahore,True,50000,1000,1,,"[1, 121, 122, 159]",,,,LV-HIGH
364,"[1, 121, 122, 159]",sms,30,100000,English,15,,5,0.0,0.0,7,Monday,Islamabad,True,50000,1000,1,,"[1, 121, 122, 159]",,,,LV-LOW
365,"[1, 121, 122, 159]",sms,30,100000,English,15,,5,0.0,0.0,7,Monday,Islamabad,True,50000,1000,1,,"[1, 121, 122, 159]",,,,LV-HIGH
366,"[1, 121, 122, 159]",sms,30,100000,English,20,,5,0.0,0.0,7,Monday,Karachi,True,50000,1000,1,,"[1, 121, 122, 159]",,,,LV-LOW
367,"[1, 121, 122, 159]",sms,30,100000,English,20,,5,0.0,0.0,7,Monday,Karachi,True,50000,1000,1,,"[1, 121, 122, 159]",,,,LV-HIGH
368,"[1, 121, 122, 159]",sms,30,100000,English,20,,5,0.0,0.0,7,Monday,Lahore,True,50000,1000,1,,"[1, 121, 122, 159]",,,,LV-LOW
369,"[1, 121, 122, 159]",sms,30,100000,English,20,,5,0.0,0.0,7,Monday,Lahore,True,50000,1000,1,,"[1, 121, 122, 159]",,,,LV-HIGH
370,"[1, 121, 122, 159]",sms,30,100000,English,20,,5,0.0,0.0,7,Monday,Islamabad,True,50000,1000,1,,"[1, 121, 122, 159]",,,,LV-LOW
371,"[1, 121, 122, 159]",sms,30,100000,English,20,,5,0.0,0.0,7,Monday,Islamabad,True,50000,1000,1,,"[1, 121, 122, 159]",,,,LV-HIGH
372,"[1, 121, 122, 159]",sms,30,100000,Arabic,15,,5,0.0,0.0,7,Monday,Karachi,True,50000,1000,1,,"[1, 121, 122, 159]",,,,LV-LOW
373,"[1, 121, 122, 159]",sms,30,100000,Arabic,15,,5,0.0,0.0,7,Monday,Karachi,True,50000,1000,1,,"[1, 121, 122, 159]",,,,LV-HIGH
374,"[1, 121, 122, 159]",sms,30,100000,Arabic,15,,5,0.0,0.0,7,Monday,Lahore,True,50000,1000,1,,"[1, 121, 122, 159]",,,,LV-LOW
375,"[1, 121, 122, 159]",sms,30,100000,Arabic,15,,5,0.0,0.0,7,Monday,Lahore,True,50000,1000,1,,"[1, 121, 122, 159]",,,,LV-HIGH
376,"[1, 121, 122, 159]",sms,30,100000,Arabic,15,,5,0.0,0.0,7,Monday,Islamabad,True,50000,1000,1,,"[1, 121, 122, 159]",,,,LV-LOW
377,"[1, 121, 122, 159]",sms,30,100000,Arabic,15,,5,0.0,0.0,7,Monday,Islamabad,True,50000,1000,1,,"[1, 121, 122, 159]",,,,LV-HIGH
378,"[1, 121, 122, 159]",sms,30,100000,Arabic,20,,5,0.0,0.0,7,Monday,Karachi,True,50000,1000,1,,"[1, 121, 122, 159]",,,,LV-LOW
379,"[1, 121, 122, 159]",sms,30,100000,Arabic,20,,5,0.0,0.0,7,Monday,Karachi,True,50000,1000,1,,"[1, 121, 122, 159]",,,,LV-HIGH
380,"[1, 121, 122, 159]",sms,30,100000,Arabic,20,,5,0.0,0.0,7,Monday,Lahore,True,50000,1000,1,,"[1, 121, 122, 159]",,,,LV-LOW
381,"[1, 121, 122, 159]",sms,30,100000,Arabic,20,,5,0.0,0.0,7,Monday,Lahore,True,50000,1000,1,,"[1, 121, 122, 159]",,,,LV-HIGH
382,"[1, 121, 122, 159]",sms,30,100000,Arabic,20,,5,0.0,0.0,7,Monday,Islamabad,True,50000,1000,1,,"[1, 121, 122, 159]",,,,LV-LOW
383,"[1, 121, 122, 159]",sms,30,100000,Arabic,20,,5,0.0,0.0,7,Monday,Islamabad,True,50000,1000,1,,"[1, 121, 122, 159]",,,,LV-HIGH
384,"[1, 121, 122, 159]",inbox,15,10000,English,15,,5,0.0,0.0,7,Monday,Karachi,True,50000,1000,1,,"[1, 121, 122, 159]",,,,LV-LOW
385,"[1, 121, 122, 159]",inbox,15,10000,English,15,,5,0.0,0.0,7,Monday,Karachi,True,50000,1000,1,,"[1, 121, 122, 159]",,,,LV-HIGH
386,"[1, 121, 122, 159]",inbox,15,10000,English,15,,5,0.0,0.0,7,Monday,Lahore,True,50000,1000,1,,"[1, 121, 122, 159]",,,,LV-LOW
387,"[1, 121, 122, 159]",inbox,15,10000,English,15,,5,0.0,0.0,7,Monday,Lahore,True,50000,1000,1,,"[1, 121, 122, 159]",,,,LV-HIGH
388,"[1, 121, 122, 159]",inbox,15,10000,English,15,,5,0.0,0.0,7,Monday,Islamabad,True,50000,1000,1,,"[1, 121, 122, 159]",,,,LV-LOW
389,"[1, 121, 122, 159]",inbox,15,10000,English,15,,5,0.0,0.0,7,Monday,Islamabad,True,50000,1000,1,,"[1, 121, 122, 159]",,,,LV-HIGH
390,"[1, 121, 122, 159]",inbox,15,10000,English,20,,5,0.0,0.0,7,Monday,Karachi,True,50000,1000,1,,"[1, 121, 122, 159]",,,,LV-LOW
391,"[1, 121, 122, 159]",inbox,15,10000,English,20,,5,0.0,0.0,7,Monday,Karachi,True,50000,1000,1,,"[1, 121, 122, 159]",,,,LV-HIGH
392,"[1, 121, 122, 159]",inbox,15,10000,English,20,,5,0.0,0.0,7,Monday,Lahore,True,50000,1000,1,,"[1, 121, 122, 159]",,,,LV-LOW
393,"[1, 121, 122, 159]",inbox,15,10000,English,20,,5,0.0,0.0,7,Monday,Lahore,True,50000,1000,1,,"[1, 121, 122, 159]",,,,LV-HIGH
394,"[1, 121, 122, 159]",inbox,15,10000,English,20,,5,0.0,0.0,7,Monday,Islamabad,True,50000,1000,1,,"[1, 121, 122, 159]",,,,LV-LOW
395,"[1, 121, 122, 159]",inbox,15,10000,English,20,,5,0.0,0.0,7,Monday,Islamabad,True,50000,1000,1,,"[1, 121, 122, 159]",,,,LV-HIGH
396,"[1, 121, 122, 159]",inbox,15,10000,Arabic,15,,5,0.0,0.0,7,Monday,Karachi,True,50000,1000,1,,"[1, 121, 122, 159]",,,,LV-LOW
397,"[1, 121, 122, 159]",inbox,15,10000,Arabic,15,,5,0.0,0.0,7,Monday,Karachi,True,50000,1000,1,,"[1, 121, 122, 159]",,,,LV-HIGH
398,"[1, 121, 122, 159]",inbox,15,10000,Arabic,15,,5,0.0,0.0,7,Monday,Lahore,True,50000,1000,1,,"[1, 121, 122, 159]",,,,LV-LOW
399,"[1, 121, 122, 159]",inbox,15,10000,Arabic,15,,5,0.0,0.0,7,Monday,Lahore,True,50000,1000,1,,"[1, 121, 122, 159]",,,,LV-HIGH
400,"[1, 121, 122, 159]",inbox,15,10000,Arabic,15,,5,0.0,0.0,7,Monday,Islamabad,True,50000,1000,1,,"[1, 121, 122, 159]",,,,LV-LOW
401,"[1, 121, 122, 159]",inbox,15,10000,Arabic,15,,5,0.0,0.0,7,Monday,Islamabad,True,50000,1000,1,,"[1, 121, 122, 159]",,,,LV-HIGH
402,"[1, 121, 122, 159]",inbox,15,10000,Arabic,20,,5,0.0,0.0,7,Monday,Karachi,True,50000,1000,1,,"[1, 121, 122, 159]",,,,LV-LOW
403,"[1, 121, 122, 159]",inbox,15,10000,Arabic,20,,5,0.0,0.0,7,Monday,Karachi,True,50000,1000,1,,"[1, 121, 122, 159]",,,,LV-HIGH
404,"[1, 121, 122, 159]",inbox,15,10000,Arabic,20,,5,0.0,0.0,7,Monday,Lahore,True,50000,1000,1,,"[1, 121, 122, 159]",,,,LV-LOW
405,"[1, 121, 122, 159]",inbox,15,10000,Arabic,20,,5,0.0,0.0,7,Monday,Lahore,True,50000,1000,1,,"[1, 121, 122, 159]",,,,LV-HIGH
406,"[1, 121, 122, 159]",inbox,15,10000,Arabic,20,,5,0.0,0.0,7,Monday,Islamabad,True,50000,1000,1,,"[1, 121, 122, 159]",,,,LV-LOW
407,"[1, 121, 122, 159]",inbox,15,10000,Arabic,20,,5,0.0,0.0,7,Monday,Islamabad,True,50000,1000,1,,"[1, 121, 122, 159]",,,,LV-HIGH
408,"[1, 121, 122, 159]",inbox,15,20000,English,15,,5,0.0,0.0,7,Monday,Karachi,True,50000,1000,1,,"[1, 121, 122, 159]",,,,LV-LOW
409,"[1, 121, 122, 159]",inbox,15,20000,English,15,,5,0.0,0.0,7,Monday,Karachi,True,50000,1000,1,,"[1, 121, 122, 159]",,,,LV-HIGH
410,"[1, 121, 122, 159]",inbox,15,20000,English,15,,5,0.0,0.0,7,Monday,Lahore,True,50000,1000,1,,"[1, 121, 122, 159]",,,,LV-LOW
411,"[1, 121, 122, 159]",inbox,15,20000,English,15,,5,0.0,0.0,7,Monday,Lahore,True,50000,1000,1,,"[1, 121, 122, 159]",,,,LV-HIGH
412,"[1, 121, 122, 159]",inbox,15,20000,English,15,,5,0.0,0.0,7,Monday,Islamabad,True,50000,1000,1,,"[1, 121, 122, 159]",,,,LV-LOW
413,"[1, 121, 122, 159]",inbox,15,20000,English,15,,5,0.0,0.0,7,Monday,Islamabad,True,50000,1000,1,,"[1, 121, 122, 159]",,,,LV-HIGH
414,"[1, 121, 122, 159]",inbox,15,20000,English,20,,5,0.0,0.0,7,Monday,Karachi,True,50000,1000,1,,"[1, 121, 122, 159]",,,,LV-LOW
415,"[1, 121, 122, 159]",inbox,15,20000,English,20,,5,0.0,0.0,7,Monday,Karachi,True,50000,1000,1,,"[1, 121, 122, 159]",,,,LV-HIGH
416,"[1, 121, 122, 159]",inbox,15,20000,English,20,,5,0.0,0.0,7,Monday,Lahore,True,50000,1000,1,,"[1, 121, 122, 159]",,,,LV-LOW
417,"[1, 121, 122, 159]",inbox,15,20000,English,20,,5,0.0,0.0,7,Monday,Lahore,True,50000,1000,1,,"[1, 121, 122, 159]",,,,LV-HIGH
418,"[1, 121, 122, 159]",inbox,15,20000,English,20,,5,0.0,0.0,7,Monday,Islamabad,True,50000,1000,1,,"[1, 121, 122, 159]",,,,LV-LOW
419,"[1, 121, 122, 159]",inbox,15,20000,English,20,,5,0.0,0.0,7,Monday,Islamabad,True,50000,1000,1,,"[1, 121, 122, 159]",,,,LV-HIGH
420,"[1, 121, 122, 159]",inbox,15,20000,Arabic,15,,5,0.0,0.0,7,Monday,Karachi,True,50000,1000,1,,"[1, 121, 122, 159]",,,,LV-LOW
421,"[1, 121, 122, 159]",inbox,15,20000,Arabic,15,,5,0.0,0.0,7,Monday,Karachi,True,50000,1000,1,,"[1, 121, 122, 159]",,,,LV-HIGH
422,"[1, 121, 122, 159]",inbox,15,20000,Arabic,15,,5,0.0,0.0,7,Monday,Lahore,True,50000,1000,1,,"[1, 121, 122, 159]",,,,LV-LOW
423,"[1, 121, 122, 159]",inbox,15,20000,Arabic,15,,5,0.0,0.0,7,Monday,Lahore,True,50000,1000,1,,"[1, 121, 122, 159]",,,,LV-HIGH
424,"[1, 121, 122, 159]",inbox,15,20000,Arabic,15,,5,0.0,0.0,7,Monday,Islamabad,True,50000,1000,1,,"[1, 121, 122, 159]",,,,LV-LOW
425,"[1, 121, 122, 159]",inbox,15,20000,Arabic,15,,5,0.0,0.0,7,Monday,Islamabad,True,50000,1000,1,,"[1, 121, 122, 159]",,,,LV-HIGH
426,"[1, 121, 122, 159]",inbox,15,20000,Arabic,20,,5,0.0,0.0,7,Monday,Karachi,True,50000,1000,1,,"[1, 121, 122, 159]",,,,LV-LOW
427,"[1, 121, 122, 159]",inbox,15,20000,Arabic,20,,5,0.0,0.0,7,Monday,Karachi,True,50000,1000,1,,"[1, 121, 122, 159]",,,,LV-HIGH
428,"[1, 121, 122, 159]",inbox,15,20000,Arabic,20,,5,0.0,0.0,7,Monday,Lahore,True,50000,1000,1,,"[1, 121, 122, 159]",,,,LV-LOW
429,"[1, 121, 122, 159]",inbox,15,20000,Arabic,20,,5,0.0,0.0,7,Monday,Lahore,True,50000,1000,1,,"[1, 121, 122, 159]",,,,LV-HIGH
430,"[1, 121, 122, 159]",inbox,15,20000,Arabic,20,,5,0.0,0.0,7,Monday,Islamabad,True,50000,1000,1,,"[1, 121, 122, 159]",,,,LV-LOW
431,"[1, 121, 122, 159]",inbox,15,20000,Arabic,20,,5,0.0,0.0,7,Monday,Islamabad,True,50000,1000,1,,"[1, 121, 122, 159]",,,,LV-HIGH
432,"[1, 121, 122, 159]",inbox,15,50000,English,15,,5,0.0,0.0,7,Monday,Karachi,True,50000,1000,1,,"[1, 121, 122, 159]",,,,LV-LOW
433,"[1, 121, 122, 159]",inbox,15,50000,English,15,,5,0.0,0.0,7,Monday,Karachi,True,50000,1000,1,,"[1, 121, 122, 159]",,,,LV-HIGH
434,"[1, 121, 122, 159]",inbox,15,50000,English,15,,5,0.0,0.0,7,Monday,Lahore,True,50000,1000,1,,"[1, 121, 122, 159]",,,,LV-LOW
435,"[1, 121, 122, 159]",inbox,15,50000,English,15,,5,0.0,0.0,7,Monday,Lahore,True,50000,1000,1,,"[1, 121, 122, 159]",,,,LV-HIGH
436,"[1, 121, 122, 159]",inbox,15,50000,English,15,,5,0.0,0.0,7,Monday,Islamabad,True,50000,1000,1,,"[1, 121, 122, 159]",,,,LV-LOW
437,"[1, 121, 122, 159]",inbox,15,50000,English,15,,5,0.0,0.0,7,Monday,Islamabad,True,50000,1000,1,,"[1, 121, 122, 159]",,,,LV-HIGH
438,"[1, 121, 122, 159]",inbox,15,50000,English,20,,5,0.0,0.0,7,Monday,Karachi,True,50000,1000,1,,"[1, 121, 122, 159]",,,,LV-LOW
439,"[1, 121, 122, 159]",inbox,15,50000,English,20,,5,0.0,0.0,7,Monday,Karachi,True,50000,1000,1,,"[1, 121, 122, 159]",,,,LV-HIGH
440,"[1, 121, 122, 159]",inbox,15,50000,English,20,,5,0.0,0.0,7,Monday,Lahore,True,50000,1000,1,,"[1, 121, 122, 159]",,,,LV-LOW
441,"[1, 121, 122, 159]",inbox,15,50000,English,20,,5,0.0,0.0,7,Monday,Lahore,True,50000,1000,1,,"[1, 121, 122, 159]",,,,LV-HIGH
442,"[1, 121, 122, 159]",inbox,15,50000,English,20,,5,0.0,0.0,7,Monday,Islamabad,True,50000,1000,1,,"[1, 121, 122, 159]",,,,LV-LOW
443,"[1, 121, 122, 159]",inbox,15,50000,English,20,,5,0.0,0.0,7,Monday,Islamabad,True,50000,1000,1,,"[1, 121, 122, 159]",,,,LV-HIGH
444,"[1, 121, 122, 159]",inbox,15,50000,Arabic,15,,5,0.0,0.0,7,Monday,Karachi,True,50000,1000,1,,"[1, 121, 122, 159]",,,,LV-LOW
445,"[1, 121, 122, 159]",inbox,15,50000,Arabic,15,,5,0.0,0.0,7,Monday,Karachi,True,50000,1000,1,,"[1, 121, 122, 159]",,,,LV-HIGH
446,"[1, 121, 122, 159]",inbox,15,50000,Arabic,15,,5,0.0,0.0,7,Monday,Lahore,True,50000,1000,1,,"[1, 121, 122, 159]",,,,LV-LOW
447,"[1, 121, 122, 159]",inbox,15,50000,Arabic,15,,5,0.0,0.0,7,Monday,Lahore,True,50000,1000,1,,"[1, 121, 122, 159]",,,,LV-HIGH
448,"[1, 121, 122, 159]",inbox,15,50000,Arabic,15,,5,0.0,0.0,7,Monday,Islamabad,True,50000,1000,1,,"[1, 121, 122, 159]",,,,LV-LOW
449,"[1, 121, 122, 159]",inbox,15,50000,Arabic,15,,5,0.0,0.0,7,Monday,Islamabad,True,50000,1000,1,,"[1, 121, 122, 159]",,,,LV-HIGH
450,"[1, 121, 122, 159]",inbox,15,50000,Arabic,20,,5,0.0,0.0,7,Monday,Karachi,True,50000,1000,1,,"[1, 121, 122, 159]",,,,LV-LOW
451,"[1, 121, 122, 159]",inbox,15,50000,Arabic,20,,5,0.0,0.0,7,Monday,Karachi,True,50000,1000,1,,"[1, 121, 122, 159]",,,,LV-HIGH
452,"[1, 121, 122, 159]",inbox,15,50000,Arabic,20,,5,0.0,0.0,7,Monday,Lahore,True,50000,1000,1,,"[1, 121, 122, 159]",,,,LV-LOW
453,"[1, 121, 122, 159]",inbox,15,50000,Arabic,20,,5,0.0,0.0,7,Monday,Lahore,True,50000,1000,1,,"[1, 121, 122, 159]",,,,LV-HIGH
454,"[1, 121, 122, 159]",inbox,15,50000,Arabic,20,,5,0.0,0.0,7,Monday,Islamabad,True,50000,1000,1,,"[1, 121, 122, 159]",,,,LV-LOW
455,"[1, 121, 122, 159]",inbox,15,50000,Arabic,20,,5,0.0,0.0,7,Monday,Islamabad,True,50000,1000,1,,"[1, 121, 122, 159]",,,,LV-HIGH
456,"[1, 121, 122, 159]",inbox,15,100000,English,15,,5,0.0,0.0,7,Monday,Karachi,True,50000,1000,1,,"[1, 121, 122, 159]",,,,LV-LOW
457,"[1, 121, 122, 159]",inbox,15,100000,English,15,,5,0.0,0.0,7,Monday,Karachi,True,50000,1000,1,,"[1, 121, 122, 159]",,,,LV-HIGH
458,"[1, 121, 122, 159]",inbox,15,100000,English,15,,5,0.0,0.0,7,Monday,Lahore,True,50000,1000,1,,"[1, 121, 122, 159]",,,,LV-LOW
459,"[1, 121, 122, 159]",inbox,15,100000,English,15,,5,0.0,0.0,7,Monday,Lahore,True,50000,1000,1,,"[1, 121, 122, 159]",,,,LV-HIGH
460,"[1, 121, 122, 159]",inbox,15,100000,English,15,,5,0.0,0.0,7,Monday,Islamabad,True,50000,1000,1,,"[1, 121, 122, 159]",,,,LV-LOW
461,"[1, 121, 122, 159]",inbox,15,100000,English,15,,5,0.0,0.0,7,Monday,Islamabad,True,50000,1000,1,,"[1, 121, 122, 159]",,,,LV-HIGH
462,"[1, 121, 122, 159]",inbox,15,100000,English,20,,5,0.0,0.0,7,Monday,Karachi,True,50000,1000,1,,"[1, 121, 122, 159]",,,,LV-LOW
463,"[1, 121, 122, 159]",inbox,15,100000,English,20,,5,0.0,0.0,7,Monday,Karachi,True,50000,1000,1,,"[1, 121, 122, 159]",,,,LV-HIGH
464,"[1, 121, 122, 159]",inbox,15,100000,English,20,,5,0.0,0.0,7,Monday,Lahore,True,50000,1000,1,,"[1, 121, 122, 159]",,,,LV-LOW
465,"[1, 121, 122, 159]",inbox,15,100000,English,20,,5,0.0,0.0,7,Monday,Lahore,True,50000,1000,1,,"[1, 121, 122, 159]",,,,LV-HIGH
466,"[1, 121, 122, 159]",inbox,15,100000,English,20,,5,0.0,0.0,7,Monday,Islamabad,True,50000,1000,1,,"[1, 121, 122, 159]",,,,LV-LOW
467,"[1, 121, 122, 159]",inbox,15,100000,English,20,,5,0.0,0.0,7,Monday,Islamabad,True,50000,1000,1,,"[1, 121, 122, 159]",,,,LV-HIGH
468,"[1, 121, 122, 159]",inbox,15,100000,Arabic,15,,5,0.0,0.0,7,Monday,Karachi,True,50000,1000,1,,"[1, 121, 122, 159]",,,,LV-LOW
469,"[1, 121, 122, 159]",inbox,15,100000,Arabic,15,,5,0.0,0.0,7,Monday,Karachi,True,50000,1000,1,,"[1, 121, 122, 159]",,,,LV-HIGH
470,"[1, 121, 122, 159]",inbox,15,100000,Arabic,15,,5,0.0,0.0,7,Monday,Lahore,True,50000,1000,1,,"[1, 121, 122, 159]",,,,LV-LOW
471,"[1, 121, 122, 159]",inbox,15,100000,Arabic,15,,5,0.0,0.0,7,Monday,Lahore,True,50000,1000,1,,"[1, 121, 122, 159]",,,,LV-HIGH
472,"[1, 121, 122, 159]",inbox,15,100000,Arabic,15,,5,0.0,0.0,7,Monday,Islamabad,True,50000,1000,1,,"[1, 121, 122, 159]",,,,LV-LOW
473,"[1, 121, 122, 159]",inbox,15,100000,Arabic,15,,5,0.0,0.0,7,Monday,Islamabad,True,50000,1000,1,,"[1, 121, 122, 159]",,,,LV-HIGH
474,"[1, 121, 122, 159]",inbox,15,100000,Arabic,20,,5,0.0,0.0,7,Monday,Karachi,True,50000,1000,1,,"[1, 121, 122, 159]",,,,LV-LOW
475,"[1, 121, 122, 159]",inbox,15,100000,Arabic,20,,5,0.0,0.0,7,Monday,Karachi,True,50000,1000,1,,"[1, 121, 122, 159]",,,,LV-HIGH
476,"[1, 121, 122, 159]",inbox,15,100000,Arabic,20,,5,0.0,0.0,7,Monday,Lahore,True,50000,1000,1,,"[1, 121, 122, 159]",,,,LV-LOW
477,"[1, 121, 122, 159]",inbox,15,100000,Arabic,20,,5,0.0,0.0,7,Monday,Lahore,True,50000,1000,1,,"[1, 121, 122, 159]",,,,LV-HIGH
478,"[1, 121, 122, 159]",inbox,15,100000,Arabic,20,,5,0.0,0.0,7,Monday,Islamabad,True,50000,1000,1,,"[1, 121, 122, 159]",,,,LV-LOW
479,"[1, 121, 122, 159]",inbox,15,100000,Arabic,20,,5,0.0,0.0,7,Monday,Islamabad,True,50000,1000,1,,"[1, 121, 122, 159]",,,,LV-HIGH
480,"[1, 121, 122, 159]",inbox,20,10000,English,15,,5,0.0,0.0,7,Monday,Karachi,True,50000,1000,1,,"[1, 121, 122, 159]",,,,LV-LOW
481,"[1, 121, 122, 159]",inbox,20,10000,English,15,,5,0.0,0.0,7,Monday,Karachi,True,50000,1000,1,,"[1, 121, 122, 159]",,,,LV-HIGH
482,"[1, 121, 122, 159]",inbox,20,10000,English,15,,5,0.0,0.0,7,Monday,Lahore,True,50000,1000,1,,"[1, 121, 122, 159]",,,,LV-LOW
483,"[1, 121, 122, 159]",inbox,20,10000,English,15,,5,0.0,0.0,7,Monday,Lahore,True,50000,1000,1,,"[1, 121, 122, 159]",,,,LV-HIGH
484,"[1, 121, 122, 159]",inbox,20,10000,English,15,,5,0.0,0.0,7,Monday,Islamabad,True,50000,1000,1,,"[1, 121, 122, 159]",,,,LV-LOW
485,"[1, 121, 122, 159]",inbox,20,10000,English,15,,5,0.0,0.0,7,Monday,Islamabad,True,50000,1000,1,,"[1, 121, 122, 159]",,,,LV-HIGH
486,"[1, 121, 122, 159]",inbox,20,10000,English,20,,5,0.0,0.0,7,Monday,Karachi,True,50000,1000,1,,"[1, 121, 122, 159]",,,,LV-LOW
487,"[1, 121, 122, 159]",inbox,20,10000,English,20,,5,0.0,0.0,7,Monday,Karachi,True,50000,1000,1,,"[1, 121, 122, 159]",,,,LV-HIGH
488,"[1, 121, 122, 159]",inbox,20,10000,English,20,,5,0.0,0.0,7,Monday,Lahore,True,50000,1000,1,,"[1, 121, 122, 159]",,,,LV-LOW
489,"[1, 121, 122, 159]",inbox,20,10000,English,20,,5,0.0,0.0,7,Monday,Lahore,True,50000,1000,1,,"[1, 121, 122, 159]",,,,LV-HIGH
490,"[1, 121, 122, 159]",inbox,20,10000,English,20,,5,0.0,0.0,7,Monday,Islamabad,True,50000,1000,1,,"[1, 121, 122, 159]",,,,LV-LOW
491,"[1, 121, 122, 159]",inbox,20,10000,English,20,,5,0.0,0.0,7,Monday,Islamabad,True,50000,1000,1,,"[1, 121, 122, 159]",,,,LV-HIGH
492,"[1, 121, 122, 159]",inbox,20,10000,Arabic,15,,5,0.0,0.0,7,Monday,Karachi,True,50000,1000,1,,"[1, 121, 122, 159]",,,,LV-LOW
493,"[1, 121, 122, 159]",inbox,20,10000,Arabic,15,,5,0.0,0.0,7,Monday,Karachi,True,50000,1000,1,,"[1, 121, 122, 159]",,,,LV-HIGH
494,"[1, 121, 122, 159]",inbox,20,10000,Arabic,15,,5,0.0,0.0,7,Monday,Lahore,True,50000,1000,1,,"[1, 121, 122, 159]",,,,LV-LOW
495,"[1, 121, 122, 159]",inbox,20,10000,Arabic,15,,5,0.0,0.0,7,Monday,Lahore,True,50000,1000,1,,"[1, 121, 122, 159]",,,,LV-HIGH
496,"[1, 121, 122, 159]",inbox,20,10000,Arabic,15,,5,0.0,0.0,7,Monday,Islamabad,True,50000,1000,1,,"[1, 121, 122, 159]",,,,LV-LOW
497,"[1, 121, 122, 159]",inbox,20,10000,Arabic,15,,5,0.0,0.0,7,Monday,Islamabad,True,50000,1000,1,,"[1, 121, 122, 159]",,,,LV-HIGH
498,"[1, 121, 122, 159]",inbox,20,10000,Arabic,20,,5,0.0,0.0,7,Monday,Karachi,True,50000,1000,1,,"[1, 121, 122, 159]",,,,LV-LOW
499,"[1, 121, 122, 159]",inbox,20,10000,Arabic,20,,5,0.0,0.0,7,Monday,Karachi,True,50000,1000,1,,"[1, 121, 122, 159]",,,,LV-HIGH
500,"[1, 121, 122, 159]",inbox,20,10000,Arabic,20,,5,0.0,0.0,7,Monday,Lahore,True,50000,1000,1,,"[1, 121, 122, 159]",,,,LV-LOW
501,"[1, 121, 122, 159]",inbox,20,10000,Arabic,20,,5,0.0,0.0,7,Monday,Lahore,True,50000,1000,1,,"[1, 121, 122, 159]",,,,LV-HIGH
502,"[1, 121, 122, 159]",inbox,20,10000,Arabic,20,,5,0.0,0.0,7,Monday,Islamabad,True,50000,1000,1,,"[1, 121, 122, 159]",,,,LV-LOW
503,"[1, 121, 122, 159]",inbox,20,10000,Arabic,20,,5,0.0,0.0,7,Monday,Islamabad,True,50000,1000,1,,"[1, 121, 122, 159]",,,,LV-HIGH
504,"[1, 121, 122, 159]",inbox,20,20000,English,15,,5,0.0,0.0,7,Monday,Karachi,True,50000,1000,1,,"[1, 121, 122, 159]",,,,LV-LOW
505,"[1, 121, 122, 159]",inbox,20,20000,English,15,,5,0.0,0.0,7,Monday,Karachi,True,50000,1000,1,,"[1, 121, 122, 159]",,,,LV-HIGH
506,"[1, 121, 122, 159]",inbox,20,20000,English,15,,5,0.0,0.0,7,Monday,Lahore,True,50000,1000,1,,"[1, 121, 122, 159]",,,,LV-LOW
507,"[1, 121, 122, 159]",inbox,20,20000,English,15,,5,0.0,0.0,7,Monday,Lahore,True,50000,1000,1,,"[1, 121, 122, 159]",,,,LV-HIGH
508,"[1, 121, 122, 159]",inbox,20,20000,English,15,,5,0.0,0.0,7,Monday,Islamabad,True,50000,1000,1,,"[1, 121, 122, 159]",,,,LV-LOW
509,"[1, 121, 122, 159]",inbox,20,20000,English,15,,5,0.0,0.0,7,Monday,Islamabad,True,50000,1000,1,,"[1, 121, 122, 159]",,,,LV-HIGH
510,"[1, 121, 122, 159]",inbox,20,20000,English,20,,5,0.0,0.0,7,Monday,Karachi,True,50000,1000,1,,"[1, 121, 122, 159]",,,,LV-LOW
511,"[1, 121, 122, 159]",inbox,20,20000,English,20,,5,0.0,0.0,7,Monday,Karachi,True,50000,1000,1,,"[1, 121, 122, 159]",,,,LV-HIGH
512,"[1, 121, 122, 159]",inbox,20,20000,English,20,,5,0.0,0.0,7,Monday,Lahore,True,50000,1000,1,,"[1, 121, 122, 159]",,,,LV-LOW
513,"[1, 121, 122, 159]",inbox,20,20000,English,20,,5,0.0,0.0,7,Monday,Lahore,True,50000,1000,1,,"[1, 121, 122, 159]",,,,LV-HIGH
514,"[1, 121, 122, 159]",inbox,20,20000,English,20,,5,0.0,0.0,7,Monday,Islamabad,True,50000,1000,1,,"[1, 121, 122, 159]",,,,LV-LOW
515,"[1, 121, 122, 159]",inbox,20,20000,English,20,,5,0.0,0.0,7,Monday,Islamabad,True,50000,1000,1,,"[1, 121, 122, 159]",,,,LV-HIGH
516,"[1, 121, 122, 159]",inbox,20,20000,Arabic,15,,5,0.0,0.0,7,Monday,Karachi,True,50000,1000,1,,"[1, 121, 122, 159]",,,,LV-LOW
517,"[1, 121, 122, 159]",inbox,20,20000,Arabic,15,,5,0.0,0.0,7,Monday,Karachi,True,50000,1000,1,,"[1, 121, 122, 159]",,,,LV-HIGH
518,"[1, 121, 122, 159]",inbox,20,20000,Arabic,15,,5,0.0,0.0,7,Monday,Lahore,True,50000,1000,1,,"[1, 121, 122, 159]",,,,LV-LOW
519,"[1, 121, 122, 159]",inbox,20,20000,Arabic,15,,5,0.0,0.0,7,Monday,Lahore,True,50000,1000,1,,"[1, 121, 122, 159]",,,,LV-HIGH
520,"[1, 121, 122, 159]",inbox,20,20000,Arabic,15,,5,0.0,0.0,7,Monday,Islamabad,True,50000,1000,1,,"[1, 121, 122, 159]",,,,LV-LOW
521,"[1, 121, 122, 159]",inbox,20,20000,Arabic,15,,5,0.0,0.0,7,Monday,Islamabad,True,50000,1000,1,,"[1, 121, 122, 159]",,,,LV-HIGH
522,"[1, 121, 122, 159]",inbox,20,20000,Arabic,20,,5,0.0,0.0,7,Monday,Karachi,True,50000,1000,1,,"[1, 121, 122, 159]",,,,LV-LOW
523,"[1, 121, 122, 159]",inbox,20,20000,Arabic,20,,5,0.0,0.0,7,Monday,Karachi,True,50000,1000,1,,"[1, 121, 122, 159]",,,,LV-HIGH
524,"[1, 121, 122, 159]",inbox,20,20000,Arabic,20,,5,0.0,0.0,7,Monday,Lahore,True,50000,1000,1,,"[1, 121, 122, 159]",,,,LV-LOW
525,"[1, 121, 122, 159]",inbox,20,20000,Arabic,20,,5,0.0,0.0,7,Monday,Lahore,True,50000,1000,1,,"[1, 121, 122, 159]",,,,LV-HIGH
526,"[1, 121, 122, 159]",inbox,20,20000,Arabic,20,,5,0.0,0.0,7,Monday,Islamabad,True,50000,1000,1,,"[1, 121, 122, 159]",,,,LV-LOW
527,"[1, 121, 122, 159]",inbox,20,20000,Arabic,20,,5,0.0,0.0,7,Monday,Islamabad,True,50000,1000,1,,"[1, 121, 122, 159]",,,,LV-HIGH
528,"[1, 121, 122, 159]",inbox,20,50000,English,15,,5,0.0,0.0,7,Monday,Karachi,True,50000,1000,1,,"[1, 121, 122, 159]",,,,LV-LOW
529,"[1, 121, 122, 159]",inbox,20,50000,English,15,,5,0.0,0.0,7,Monday,Karachi,True,50000,1000,1,,"[1, 121, 122, 159]",,,,LV-HIGH
530,"[1, 121, 122, 159]",inbox,20,50000,English,15,,5,0.0,0.0,7,Monday,Lahore,True,50000,1000,1,,"[1, 121, 122, 159]",,,,LV-LOW
531,"[1, 121, 122, 159]",inbox,20,50000,English,15,,5,0.0,0.0,7,Monday,Lahore,True,50000,1000,1,,"[1, 121, 122, 159]",,,,LV-HIGH
532,"[1, 121, 122, 159]",inbox,20,50000,English,15,,5,0.0,0.0,7,Monday,Islamabad,True,50000,1000,1,,"[1, 121, 122, 159]",,,,LV-LOW
533,"[1, 121, 122, 159]",inbox,20,50000,English,15,,5,0.0,0.0,7,Monday,Islamabad,True,50000,1000,1,,"[1, 121, 122, 159]",,,,LV-HIGH
534,"[1, 121, 122, 159]",inbox,20,50000,English,20,,5,0.0,0.0,7,Monday,Karachi,True,50000,1000,1,,"[1, 121, 122, 159]",,,,LV-LOW
535,"[1, 121, 122, 159]",inbox,20,50000,English,20,,5,0.0,0.0,7,Monday,Karachi,True,50000,1000,1,,"[1, 121, 122, 159]",,,,LV-HIGH
536,"[1, 121, 122, 159]",inbox,20,50000,English,20,,5,0.0,0.0,7,Monday,Lahore,True,50000,1000,1,,"[1, 121, 122, 159]",,,,LV-LOW
537,"[1, 121, 122, 159]",inbox,20,50000,English,20,,5,0.0,0.0,7,Monday,Lahore,True,50000,1000,1,,"[1, 121, 122, 159]",,,,LV-HIGH
538,"[1, 121, 122, 159]",inbox,20,50000,English,20,,5,0.0,0.0,7,Monday,Islamabad,True,50000,1000,1,,"[1, 121, 122, 159]",,,,LV-LOW
539,"[1, 121, 122, 159]",inbox,20,50000,English,20,,5,0.0,0.0,7,Monday,Islamabad,True,50000,1000,1,,"[1, 121, 122, 159]",,,,LV-HIGH
540,"[1, 121, 122, 159]",inbox,20,50000,Arabic,15,,5,0.0,0.0,7,Monday,Karachi,True,50000,1000,1,,"[1, 121, 122, 159]",,,,LV-LOW
541,"[1, 121, 122, 159]",inbox,20,50000,Arabic,15,,5,0.0,0.0,7,Monday,Karachi,True,50000,1000,1,,"[1, 121, 122, 159]",,,,LV-HIGH
542,"[1, 121, 122, 159]",inbox,20,50000,Arabic,15,,5,0.0,0.0,7,Monday,Lahore,True,50000,1000,1,,"[1, 121, 122, 159]",,,,LV-LOW
543,"[1, 121, 122, 159]",inbox,20,50000,Arabic,15,,5,0.0,0.0,7,Monday,Lahore,True,50000,1000,1,,"[1, 121, 122, 159]",,,,LV-HIGH
544,"[1, 121, 122, 159]",inbox,20,50000,Arabic,15,,5,0.0,0.0,7,Monday,Islamabad,True,50000,1000,1,,"[1, 121, 122, 159]",,,,LV-LOW
545,"[1, 121, 122, 159]",inbox,20,50000,Arabic,15,,5,0.0,0.0,7,Monday,Islamabad,True,50000,1000,1,,"[1, 121, 122, 159]",,,,LV-HIGH
546,"[1, 121, 122, 159]",inbox,20,50000,Arabic,20,,5,0.0,0.0,7,Monday,Karachi,True,50000,1000,1,,"[1, 121, 122, 159]",,,,LV-LOW
547,"[1, 121, 122, 159]",inbox,20,50000,Arabic,20,,5,0.0,0.0,7,Monday,Karachi,True,50000,1000,1,,"[1, 121, 122, 159]",,,,LV-HIGH
548,"[1, 121, 122, 159]",inbox,20,50000,Arabic,20,,5,0.0,0.0,7,Monday,Lahore,True,50000,1000,1,,"[1, 121, 122, 159]",,,,LV-LOW
549,"[1, 121, 122, 159]",inbox,20,50000,Arabic,20,,5,0.0,0.0,7,Monday,Lahore,True,50000,1000,1,,"[1, 121, 122, 159]",,,,LV-HIGH
550,"[1, 121, 122, 159]",inbox,20,50000,Arabic,20,,5,0.0,0.0,7,Monday,Islamabad,True,50000,1000,1,,"[1, 121, 122, 159]",,,,LV-LOW
551,"[1, 121, 122, 159]",inbox,20,50000,Arabic,20,,5,0.0,0.0,7,Monday,Islamabad,True,50000,1000,1,,"[1, 121, 122, 159]",,,,LV-HIGH
552,"[1, 121, 122, 159]",inbox,20,100000,English,15,,5,0.0,0.0,7,Monday,Karachi,True,50000,1000,1,,"[1, 121, 122, 159]",,,,LV-LOW
553,"[1, 121, 122, 159]",inbox,20,100000,English,15,,5,0.0,0.0,7,Monday,Karachi,True,50000,1000,1,,"[1, 121, 122, 159]",,,,LV-HIGH
554,"[1, 121, 122, 159]",inbox,20,100000,English,15,,5,0.0,0.0,7,Monday,Lahore,True,50000,1000,1,,"[1, 121, 122, 159]",,,,LV-LOW
555,"[1, 121, 122, 159]",inbox,20,100000,English,15,,5,0.0,0.0,7,Monday,Lahore,True,50000,1000,1,,"[1, 121, 122, 159]",,,,LV-HIGH
556,"[1, 121, 122, 159]",inbox,20,100000,English,15,,5,0.0,0.0,7,Monday,Islamabad,True,50000,1000,1,,"[1, 121, 122, 159]",,,,LV-LOW
557,"[1, 121, 122, 159]",inbox,20,100000,English,15,,5,0.0,0.0,7,Monday,Islamabad,True,50000,1000,1,,"[1, 121, 122, 159]",,,,LV-HIGH
558,"[1, 121, 122, 159]",inbox,20,100000,English,20,,5,0.0,0.0,7,Monday,Karachi,True,50000,1000,1,,"[1, 121, 122, 159]",,,,LV-LOW
559,"[1, 121, 122, 159]",inbox,20,100000,English,20,,5,0.0,0.0,7,Monday,Karachi,True,50000,1000,1,,"[1, 121, 122, 159]",,,,LV-HIGH
560,"[1, 121, 122, 159]",inbox,20,100000,English,20,,5,0.0,0.0,7,Monday,Lahore,True,50000,1000,1,,"[1, 121, 122, 159]",,,,LV-LOW
561,"[1, 121, 122, 159]",inbox,20,100000,English,20,,5,0.0,0.0,7,Monday,Lahore,True,50000,1000,1,,"[1, 121, 122, 159]",,,,LV-HIGH
562,"[1, 121, 122, 159]",inbox,20,100000,English,20,,5,0.0,0.0,7,Monday,Islamabad,True,50000,1000,1,,"[1, 121, 122, 159]",,,,LV-LOW
563,"[1, 121, 122, 159]",inbox,20,100000,English,20,,5,0.0,0.0,7,Monday,Islamabad,True,50000,1000,1,,"[1, 121, 122, 159]",,,,LV-HIGH
564,"[1, 121, 122, 159]",inbox,20,100000,Arabic,15,,5,0.0,0.0,7,Monday,Karachi,True,50000,1000,1,,"[1, 121, 122, 159]",,,,LV-LOW
565,"[1, 121, 122, 159]",inbox,20,100000,Arabic,15,,5,0.0,0.0,7,Monday,Karachi,True,50000,1000,1,,"[1, 121, 122, 159]",,,,LV-HIGH
566,"[1, 121, 122, 159]",inbox,20,100000,Arabic,15,,5,0.0,0.0,7,Monday,Lahore,True,50000,1000,1,,"[1, 121, 122, 159]",,,,LV-LOW
567,"[1, 121, 122, 159]",inbox,20,100000,Arabic,15,,5,0.0,0.0,7,Monday,Lahore,True,50000,1000,1,,"[1, 121, 122, 159]",,,,LV-HIGH
568,"[1, 121, 122, 159]",inbox,20,100000,Arabic,15,,5,0.0,0.0,7,Monday,Islamabad,True,50000,1000,1,,"[1, 121, 122, 159]",,,,LV-LOW
569,"[1, 121, 122, 159]",inbox,20,100000,Arabic,15,,5,0.0,0.0,7,Monday,Islamabad,True,50000,1000,1,,"[1, 121, 122, 159]",,,,LV-HIGH
570,"[1, 121, 122, 159]",inbox,20,100000,Arabic,20,,5,0.0,0.0,7,Monday,Karachi,True,50000,1000,1,,"[1, 121, 122, 159]",,,,LV-LOW
571,"[1, 121, 122, 159]",inbox,20,100000,Arabic,20,,5,0.0,0.0,7,Monday,Karachi,True,50000,1000,1,,"[1, 121, 122, 159]",,,,LV-HIGH
572,"[1, 121, 122, 159]",inbox,20,100000,Arabic,20,,5,0.0,0.0,7,Monday,Lahore,True,50000,1000,1,,"[1, 121, 122, 159]",,,,LV-LOW
573,"[1, 121, 122, 159]",inbox,20,100000,Arabic,20,,5,0.0,0.0,7,Monday,Lahore,True,50000,1000,1,,"[1, 121, 122, 159]",,,,LV-HIGH
574,"[1, 121, 122, 159]",inbox,20,100000,Arabic,20,,5,0.0,0.0,7,Monday,Islamabad,True,50000,1000,1,,"[1, 121, 122, 159]",,,,LV-LOW
575,"[1, 121, 122, 159]",inbox,20,100000,Arabic,20,,5,0.0,0.0,7,Monday,Islamabad,True,50000,1000,1,,"[1, 121, 122, 159]",,,,LV-HIGH
576,"[1, 121, 122, 159]",inbox,25,10000,English,15,,5,0.0,0.0,7,Monday,Karachi,True,50000,1000,1,,"[1, 121, 122, 159]",,,,LV-LOW
577,"[1, 121, 122, 159]",inbox,25,10000,English,15,,5,0.0,0.0,7,Monday,Karachi,True,50000,1000,1,,"[1, 121, 122, 159]",,,,LV-HIGH
578,"[1, 121, 122, 159]",inbox,25,10000,English,15,,5,0.0,0.0,7,Monday,Lahore,True,50000,1000,1,,"[1, 121, 122, 159]",,,,LV-LOW
579,"[1, 121, 122, 159]",inbox,25,10000,English,15,,5,0.0,0.0,7,Monday,Lahore,True,50000,1000,1,,"[1, 121, 122, 159]",,,,LV-HIGH
580,"[1, 121, 122, 159]",inbox,25,10000,English,15,,5,0.0,0.0,7,Monday,Islamabad,True,50000,1000,1,,"[1, 121, 122, 159]",,,,LV-LOW
581,"[1, 121, 122, 159]",inbox,25,10000,English,15,,5,0.0,0.0,7,Monday,Islamabad,True,50000,1000,1,,"[1, 121, 122, 159]",,,,LV-HIGH
582,"[1, 121, 122, 159]",inbox,25,10000,English,20,,5,0.0,0.0,7,Monday,Karachi,True,50000,1000,1,,"[1, 121, 122, 159]",,,,LV-LOW
583,"[1, 121, 122, 159]",inbox,25,10000,English,20,,5,0.0,0.0,7,Monday,Karachi,True,50000,1000,1,,"[1, 121, 122, 159]",,,,LV-HIGH
584,"[1, 121, 122, 159]",inbox,25,10000,English,20,,5,0.0,0.0,7,Monday,Lahore,True,50000,1000,1,,"[1, 121, 122, 159]",,,,LV-LOW
585,"[1, 121, 122, 159]",inbox,25,10000,English,20,,5,0.0,0.0,7,Monday,Lahore,True,50000,1000,1,,"[1, 121, 122, 159]",,,,LV-HIGH
586,"[1, 121, 122, 159]",inbox,25,10000,English,20,,5,0.0,0.0,7,Monday,Islamabad,True,50000,1000,1,,"[1, 121, 122, 159]",,,,LV-LOW
587,"[1, 121, 122, 159]",inbox,25,10000,English,20,,5,0.0,0.0,7,Monday,Islamabad,True,50000,1000,1,,"[1, 121, 122, 159]",,,,LV-HIGH
588,"[1, 121, 122, 159]",inbox,25,10000,Arabic,15,,5,0.0,0.0,7,Monday,Karachi,True,50000,1000,1,,"[1, 121, 122, 159]",,,,LV-LOW
589,"[1, 121, 122, 159]",inbox,25,10000,Arabic,15,,5,0.0,0.0,7,Monday,Karachi,True,50000,1000,1,,"[1, 121, 122, 159]",,,,LV-HIGH
590,"[1, 121, 122, 159]",inbox,25,10000,Arabic,15,,5,0.0,0.0,7,Monday,Lahore,True,50000,1000,1,,"[1, 121, 122, 159]",,,,LV-LOW
591,"[1, 121, 122, 159]",inbox,25,10000,Arabic,15,,5,0.0,0.0,7,Monday,Lahore,True,50000,1000,1,,"[1, 121, 122, 159]",,,,LV-HIGH
592,"[1, 121, 122, 159]",inbox,25,10000,Arabic,15,,5,0.0,0.0,7,Monday,Islamabad,True,50000,1000,1,,"[1, 121, 122, 159]",,,,LV-LOW
593,"[1, 121, 122, 159]",inbox,25,10000,Arabic,15,,5,0.0,0.0,7,Monday,Islamabad,True,50000,1000,1,,"[1, 121, 122, 159]",,,,LV-HIGH
594,"[1, 121, 122, 159]",inbox,25,10000,Arabic,20,,5,0.0,0.0,7,Monday,Karachi,True,50000,1000,1,,"[1, 121, 122, 159]",,,,LV-LOW
595,"[1, 121, 122, 159]",inbox,25,10000,Arabic,20,,5,0.0,0.0,7,Monday,Karachi,True,50000,1000,1,,"[1, 121, 122, 159]",,,,LV-HIGH
596,"[1, 121, 122, 159]",inbox,25,10000,Arabic,20,,5,0.0,0.0,7,Monday,Lahore,True,50000,1000,1,,"[1, 121, 122, 159]",,,,LV-LOW
597,"[1, 121, 122, 159]",inbox,25,10000,Arabic,20,,5,0.0,0.0,7,Monday,Lahore,True,50000,1000,1,,"[1, 121, 122, 159]",,,,LV-HIGH
598,"[1, 121, 122, 159]",inbox,25,10000,Arabic,20,,5,0.0,0.0,7,Monday,Islamabad,True,50000,1000,1,,"[1, 121, 122, 159]",,,,LV-LOW
599,"[1, 121, 122, 159]",inbox,25,10000,Arabic,20,,5,0.0,0.0,7,Monday,Islamabad,True,50000,1000,1,,"[1, 121, 122, 159]",,,,LV-HIGH
600,"[1, 121, 122, 159]",inbox,25,20000,English,15,,5,0.0,0.0,7,Monday,Karachi,True,50000,1000,1,,"[1, 121, 122, 159]",,,,LV-LOW
601,"[1, 121, 122, 159]",inbox,25,20000,English,15,,5,0.0,0.0,7,Monday,Karachi,True,50000,1000,1,,"[1, 121, 122, 159]",,,,LV-HIGH
602,"[1, 121, 122, 159]",inbox,25,20000,English,15,,5,0.0,0.0,7,Monday,Lahore,True,50000,1000,1,,"[1, 121, 122, 159]",,,,LV-LOW
603,"[1, 121, 122, 159]",inbox,25,20000,English,15,,5,0.0,0.0,7,Monday,Lahore,True,50000,1000,1,,"[1, 121, 122, 159]",,,,LV-HIGH
604,"[1, 121, 122, 159]",inbox,25,20000,English,15,,5,0.0,0.0,7,Monday,Islamabad,True,50000,1000,1,,"[1, 121, 122, 159]",,,,LV-LOW
605,"[1, 121, 122, 159]",inbox,25,20000,English,15,,5,0.0,0.0,7,Monday,Islamabad,True,50000,1000,1,,"[1, 121, 122, 159]",,,,LV-HIGH
606,"[1, 121, 122, 159]",inbox,25,20000,English,20,,5,0.0,0.0,7,Monday,Karachi,True,50000,1000,1,,"[1, 121, 122, 159]",,,,LV-LOW
607,"[1, 121, 122, 159]",inbox,25,20000,English,20,,5,0.0,0.0,7,Monday,Karachi,True,50000,1000,1,,"[1, 121, 122, 159]",,,,LV-HIGH
608,"[1, 121, 122, 159]",inbox,25,20000,English,20,,5,0.0,0.0,7,Monday,Lahore,True,50000,1000,1,,"[1, 121, 122, 159]",,,,LV-LOW
609,"[1, 121, 122, 159]",inbox,25,20000,English,20,,5,0.0,0.0,7,Monday,Lahore,True,50000,1000,1,,"[1, 121, 122, 159]",,,,LV-HIGH
610,"[1, 121, 122, 159]",inbox,25,20000,English,20,,5,0.0,0.0,7,Monday,Islamabad,True,50000,1000,1,,"[1, 121, 122, 159]",,,,LV-LOW
611,"[1, 121, 122, 159]",inbox,25,20000,English,20,,5,0.0,0.0,7,Monday,Islamabad,True,50000,1000,1,,"[1, 121, 122, 159]",,,,LV-HIGH
612,"[1, 121, 122, 159]",inbox,25,20000,Arabic,15,,5,0.0,0.0,7,Monday,Karachi,True,50000,1000,1,,"[1, 121, 122, 159]",,,,LV-LOW
613,"[1, 121, 122, 159]",inbox,25,20000,Arabic,15,,5,0.0,0.0,7,Monday,Karachi,True,50000,1000,1,,"[1, 121, 122, 159]",,,,LV-HIGH
614,"[1, 121, 122, 159]",inbox,25,20000,Arabic,15,,5,0.0,0.0,7,Monday,Lahore,True,50000,1000,1,,"[1, 121, 122, 159]",,,,LV-LOW
615,"[1, 121, 122, 159]",inbox,25,20000,Arabic,15,,5,0.0,0.0,7,Monday,Lahore,True,50000,1000,1,,"[1, 121, 122, 159]",,,,LV-HIGH
616,"[1, 121, 122, 159]",inbox,25,20000,Arabic,15,,5,0.0,0.0,7,Monday,Islamabad,True,50000,1000,1,,"[1, 121, 122, 159]",,,,LV-LOW
617,"[1, 121, 122, 159]",inbox,25,20000,Arabic,15,,5,0.0,0.0,7,Monday,Islamabad,True,50000,1000,1,,"[1, 121, 122, 159]",,,,LV-HIGH
618,"[1, 121, 122, 159]",inbox,25,20000,Arabic,20,,5,0.0,0.0,7,Monday,Karachi,True,50000,1000,1,,"[1, 121, 122, 159]",,,,LV-LOW
619,"[1, 121, 122, 159]",inbox,25,20000,Arabic,20,,5,0.0,0.0,7,Monday,Karachi,True,50000,1000,1,,"[1, 121, 122, 159]",,,,LV-HIGH
620,"[1, 121, 122, 159]",inbox,25,20000,Arabic,20,,5,0.0,0.0,7,Monday,Lahore,True,50000,1000,1,,"[1, 121, 122, 159]",,,,LV-LOW
621,"[1, 121, 122, 159]",inbox,25,20000,Arabic,20,,5,0.0,0.0,7,Monday,Lahore,True,50000,1000,1,,"[1, 121, 122, 159]",,,,LV-HIGH
622,"[1, 121, 122, 159]",inbox,25,20000,Arabic,20,,5,0.0,0.0,7,Monday,Islamabad,True,50000,1000,1,,"[1, 121, 122, 159]",,,,LV-LOW
623,"[1, 121, 122, 159]",inbox,25,20000,Arabic,20,,5,0.0,0.0,7,Monday,Islamabad,True,50000,1000,1,,"[1, 121, 122, 159]",,,,LV-HIGH
624,"[1, 121, 122, 159]",inbox,25,50000,English,15,,5,0.0,0.0,7,Monday,Karachi,True,50000,1000,1,,"[1, 121, 122, 159]",,,,LV-LOW
625,"[1, 121, 122, 159]",inbox,25,50000,English,15,,5,0.0,0.0,7,Monday,Karachi,True,50000,1000,1,,"[1, 121, 122, 159]",,,,LV-HIGH
626,"[1, 121, 122, 159]",inbox,25,50000,English,15,,5,0.0,0.0,7,Monday,Lahore,True,50000,1000,1,,"[1, 121, 122, 159]",,,,LV-LOW
627,"[1, 121, 122, 159]",inbox,25,50000,English,15,,5,0.0,0.0,7,Monday,Lahore,True,50000,1000,1,,"[1, 121, 122, 159]",,,,LV-HIGH
628,"[1, 121, 122, 159]",inbox,25,50000,English,15,,5,0.0,0.0,7,Monday,Islamabad,True,50000,1000,1,,"[1, 121, 122, 159]",,,,LV-LOW
629,"[1, 121, 122, 159]",inbox,25,50000,English,15,,5,0.0,0.0,7,Monday,Islamabad,True,50000,1000,1,,"[1, 121, 122, 159]",,,,LV-HIGH
630,"[1, 121, 122, 159]",inbox,25,50000,English,20,,5,0.0,0.0,7,Monday,Karachi,True,50000,1000,1,,"[1, 121, 122, 159]",,,,LV-LOW
631,"[1, 121, 122, 159]",inbox,25,50000,English,20,,5,0.0,0.0,7,Monday,Karachi,True,50000,1000,1,,"[1, 121, 122, 159]",,,,LV-HIGH
632,"[1, 121, 122, 159]",inbox,25,50000,English,20,,5,0.0,0.0,7,Monday,Lahore,True,50000,1000,1,,"[1, 121, 122, 159]",,,,LV-LOW
633,"[1, 121, 122, 159]",inbox,25,50000,English,20,,5,0.0,0.0,7,Monday,Lahore,True,50000,1000,1,,"[1, 121, 122, 159]",,,,LV-HIGH
634,"[1, 121, 122, 159]",inbox,25,50000,English,20,,5,0.0,0.0,7,Monday,Islamabad,True,50000,1000,1,,"[1, 121, 122, 159]",,,,LV-LOW
635,"[1, 121, 122, 159]",inbox,25,50000,English,20,,5,0.0,0.0,7,Monday,Islamabad,True,50000,1000,1,,"[1, 121, 122, 159]",,,,LV-HIGH
636,"[1, 121, 122, 159]",inbox,25,50000,Arabic,15,,5,0.0,0.0,7,Monday,Karachi,True,50000,1000,1,,"[1, 121, 122, 159]",,,,LV-LOW
637,"[1, 121, 122, 159]",inbox,25,50000,Arabic,15,,5,0.0,0.0,7,Monday,Karachi,True,50000,1000,1,,"[1, 121, 122, 159]",,,,LV-HIGH
638,"[1, 121, 122, 159]",inbox,25,50000,Arabic,15,,5,0.0,0.0,7,Monday,Lahore,True,50000,1000,1,,"[1, 121, 122, 159]",,,,LV-LOW
639,"[1, 121, 122, 159]",inbox,25,50000,Arabic,15,,5,0.0,0.0,7,Monday,Lahore,True,50000,1000,1,,"[1, 121, 122, 159]",,,,LV-HIGH
640,"[1, 121, 122, 159]",inbox,25,50000,Arabic,15,,5,0.0,0.0,7,Monday,Islamabad,True,50000,1000,1,,"[1, 121, 122, 159]",,,,LV-LOW
641,"[1, 121, 122, 159]",inbox,25,50000,Arabic,15,,5,0.0,0.0,7,Monday,Islamabad,True,50000,1000,1,,"[1, 121, 122, 159]",,,,LV-HIGH
642,"[1, 121, 122, 159]",inbox,25,50000,Arabic,20,,5,0.0,0.0,7,Monday,Karachi,True,50000,1000,1,,"[1, 121, 122, 159]",,,,LV-LOW
643,"[1, 121, 122, 159]",inbox,25,50000,Arabic,20,,5,0.0,0.0,7,Monday,Karachi,True,50000,1000,1,,"[1, 121, 122, 159]",,,,LV-HIGH
644,"[1, 121, 122, 159]",inbox,25,50000,Arabic,20,,5,0.0,0.0,7,Monday,Lahore,True,50000,1000,1,,"[1, 121, 122, 159]",,,,LV-LOW
645,"[1, 121, 122, 159]",inbox,25,50000,Arabic,20,,5,0.0,0.0,7,Monday,Lahore,True,50000,1000,1,,"[1, 121, 122, 159]",,,,LV-HIGH
646,"[1, 121, 122, 159]",inbox,25,50000,Arabic,20,,5,0.0,0.0,7,Monday,Islamabad,True,50000,1000,1,,"[1, 121, 122, 159]",,,,LV-LOW
647,"[1, 121, 122, 159]",inbox,25,50000,Arabic,20,,5,0.0,0.0,7,Monday,Islamabad,True,50000,1000,1,,"[1, 121, 122, 159]",,,,LV-HIGH
648,"[1, 121, 122, 159]",inbox,25,100000,English,15,,5,0.0,0.0,7,Monday,Karachi,True,50000,1000,1,,"[1, 121, 122, 159]",,,,LV-LOW
649,"[1, 121, 122, 159]",inbox,25,100000,English,15,,5,0.0,0.0,7,Monday,Karachi,True,50000,1000,1,,"[1, 121, 122, 159]",,,,LV-HIGH
650,"[1, 121, 122, 159]",inbox,25,100000,English,15,,5,0.0,0.0,7,Monday,Lahore,True,50000,1000,1,,"[1, 121, 122, 159]",,,,LV-LOW
651,"[1, 121, 122, 159]",inbox,25,100000,English,15,,5,0.0,0.0,7,Monday,Lahore,True,50000,1000,1,,"[1, 121, 122, 159]",,,,LV-HIGH
652,"[1, 121, 122, 159]",inbox,25,100000,English,15,,5,0.0,0.0,7,Monday,Islamabad,True,50000,1000,1,,"[1, 121, 122, 159]",,,,LV-LOW
653,"[1, 121, 122, 159]",inbox,25,100000,English,15,,5,0.0,0.0,7,Monday,Islamabad,True,50000,1000,1,,"[1, 121, 122, 159]",,,,LV-HIGH
654,"[1, 121, 122, 159]",inbox,25,100000,English,20,,5,0.0,0.0,7,Monday,Karachi,True,50000,1000,1,,"[1, 121, 122, 159]",,,,LV-LOW
655,"[1, 121, 122, 159]",inbox,25,100000,English,20,,5,0.0,0.0,7,Monday,Karachi,True,50000,1000,1,,"[1, 121, 122, 159]",,,,LV-HIGH
656,"[1, 121, 122, 159]",inbox,25,100000,English,20,,5,0.0,0.0,7,Monday,Lahore,True,50000,1000,1,,"[1, 121, 122, 159]",,,,LV-LOW
657,"[1, 121, 122, 159]",inbox,25,100000,English,20,,5,0.0,0.0,7,Monday,Lahore,True,50000,1000,1,,"[1, 121, 122, 159]",,,,LV-HIGH
658,"[1, 121, 122, 159]",inbox,25,100000,English,20,,5,0.0,0.0,7,Monday,Islamabad,True,50000,1000,1,,"[1, 121, 122, 159]",,,,LV-LOW
659,"[1, 121, 122, 159]",inbox,25,100000,English,20,,5,0.0,0.0,7,Monday,Islamabad,True,50000,1000,1,,"[1, 121, 122, 159]",,,,LV-HIGH
660,"[1, 121, 122, 159]",inbox,25,100000,Arabic,15,,5,0.0,0.0,7,Monday,Karachi,True,50000,1000,1,,"[1, 121, 122, 159]",,,,LV-LOW
661,"[1, 121, 122, 159]",inbox,25,100000,Arabic,15,,5,0.0,0.0,7,Monday,Karachi,True,50000,1000,1,,"[1, 121, 122, 159]",,,,LV-HIGH
662,"[1, 121, 122, 159]",inbox,25,100000,Arabic,15,,5,0.0,0.0,7,Monday,Lahore,True,50000,1000,1,,"[1, 121, 122, 159]",,,,LV-LOW
663,"[1, 121, 122, 159]",inbox,25,100000,Arabic,15,,5,0.0,0.0,7,Monday,Lahore,True,50000,1000,1,,"[1, 121, 122, 159]",,,,LV-HIGH
664,"[1, 121, 122, 159]",inbox,25,100000,Arabic,15,,5,0.0,0.0,7,Monday,Islamabad,True,50000,1000,1,,"[1, 121, 122, 159]",,,,LV-LOW
665,"[1, 121, 122, 159]",inbox,25,100000,Arabic,15,,5,0.0,0.0,7,Monday,Islamabad,True,50000,1000,1,,"[1, 121, 122, 159]",,,,LV-HIGH
666,"[1, 121, 122, 159]",inbox,25,100000,Arabic,20,,5,0.0,0.0,7,Monday,Karachi,True,50000,1000,1,,"[1, 121, 122, 159]",,,,LV-LOW
667,"[1, 121, 122, 159]",inbox,25,100000,Arabic,20,,5,0.0,0.0,7,Monday,Karachi,True,50000,1000,1,,"[1, 121, 122, 159]",,,,LV-HIGH
668,"[1, 121, 122, 159]",inbox,25,100000,Arabic,20,,5,0.0,0.0,7,Monday,Lahore,True,50000,1000,1,,"[1, 121, 122, 159]",,,,LV-LOW
669,"[1, 121, 122, 159]",inbox,25,100000,Arabic,20,,5,0.0,0.0,7,Monday,Lahore,True,50000,1000,1,,"[1, 121, 122, 159]",,,,LV-HIGH
670,"[1, 121, 122, 159]",inbox,25,100000,Arabic,20,,5,0.0,0.0,7,Monday,Islamabad,True,50000,1000,1,,"[1, 121, 122, 159]",,,,LV-LOW
671,"[1, 121, 122, 159]",inbox,25,100000,Arabic,20,,5,0.0,0.0,7,Monday,Islamabad,True,50000,1000,1,,"[1, 121, 122, 159]",,,,LV-HIGH
672,"[1, 121, 122, 159]",inbox,30,10000,English,15,,5,0.0,0.0,7,Monday,Karachi,True,50000,1000,1,,"[1, 121, 122, 159]",,,,LV-LOW
673,"[1, 121, 122, 159]",inbox,30,10000,English,15,,5,0.0,0.0,7,Monday,Karachi,True,50000,1000,1,,"[1, 121, 122, 159]",,,,LV-HIGH
674,"[1, 121, 122, 159]",inbox,30,10000,English,15,,5,0.0,0.0,7,Monday,Lahore,True,50000,1000,1,,"[1, 121, 122, 159]",,,,LV-LOW
675,"[1, 121, 122, 159]",inbox,30,10000,English,15,,5,0.0,0.0,7,Monday,Lahore,True,50000,1000,1,,"[1, 121, 122, 159]",,,,LV-HIGH
676,"[1, 121, 122, 159]",inbox,30,10000,English,15,,5,0.0,0.0,7,Monday,Islamabad,True,50000,1000,1,,"[1, 121, 122, 159]",,,,LV-LOW
677,"[1, 121, 122, 159]",inbox,30,10000,English,15,,5,0.0,0.0,7,Monday,Islamabad,True,50000,1000,1,,"[1, 121, 122, 159]",,,,LV-HIGH
678,"[1, 121, 122, 159]",inbox,30,10000,English,20,,5,0.0,0.0,7,Monday,Karachi,True,50000,1000,1,,"[1, 121, 122, 159]",,,,LV-LOW
679,"[1, 121, 122, 159]",inbox,30,10000,English,20,,5,0.0,0.0,7,Monday,Karachi,True,50000,1000,1,,"[1, 121, 122, 159]",,,,LV-HIGH
680,"[1, 121, 122, 159]",inbox,30,10000,English,20,,5,0.0,0.0,7,Monday,Lahore,True,50000,1000,1,,"[1, 121, 122, 159]",,,,LV-LOW
681,"[1, 121, 122, 159]",inbox,30,10000,English,20,,5,0.0,0.0,7,Monday,Lahore,True,50000,1000,1,,"[1, 121, 122, 159]",,,,LV-HIGH
682,"[1, 121, 122, 159]",inbox,30,10000,English,20,,5,0.0,0.0,7,Monday,Islamabad,True,50000,1000,1,,"[1, 121, 122, 159]",,,,LV-LOW
683,"[1, 121, 122, 159]",inbox,30,10000,English,20,,5,0.0,0.0,7,Monday,Islamabad,True,50000,1000,1,,"[1, 121, 122, 159]",,,,LV-HIGH
684,"[1, 121, 122, 159]",inbox,30,10000,Arabic,15,,5,0.0,0.0,7,Monday,Karachi,True,50000,1000,1,,"[1, 121, 122, 159]",,,,LV-LOW
685,"[1, 121, 122, 159]",inbox,30,10000,Arabic,15,,5,0.0,0.0,7,Monday,Karachi,True,50000,1000,1,,"[1, 121, 122, 159]",,,,LV-HIGH
686,"[1, 121, 122, 159]",inbox,30,10000,Arabic,15,,5,0.0,0.0,7,Monday,Lahore,True,50000,1000,1,,"[1, 121, 122, 159]",,,,LV-LOW
687,"[1, 121, 122, 159]",inbox,30,10000,Arabic,15,,5,0.0,0.0,7,Monday,Lahore,True,50000,1000,1,,"[1, 121, 122, 159]",,,,LV-HIGH
688,"[1, 121, 122, 159]",inbox,30,10000,Arabic,15,,5,0.0,0.0,7,Monday,Islamabad,True,50000,1000,1,,"[1, 121, 122, 159]",,,,LV-LOW
689,"[1, 121, 122, 159]",inbox,30,10000,Arabic,15,,5,0.0,0.0,7,Monday,Islamabad,True,50000,1000,1,,"[1, 121, 122, 159]",,,,LV-HIGH
690,"[1, 121, 122, 159]",inbox,30,10000,Arabic,20,,5,0.0,0.0,7,Monday,Karachi,True,50000,1000,1,,"[1, 121, 122, 159]",,,,LV-LOW
691,"[1, 121, 122, 159]",inbox,30,10000,Arabic,20,,5,0.0,0.0,7,Monday,Karachi,True,50000,1000,1,,"[1, 121, 122, 159]",,,,LV-HIGH
692,"[1, 121, 122, 159]",inbox,30,10000,Arabic,20,,5,0.0,0.0,7,Monday,Lahore,True,50000,1000,1,,"[1, 121, 122, 159]",,,,LV-LOW
693,"[1, 121, 122, 159]",inbox,30,10000,Arabic,20,,5,0.0,0.0,7,Monday,Lahore,True,50000,1000,1,,"[1, 121, 122, 159]",,,,LV-HIGH
694,"[1, 121, 122, 159]",inbox,30,10000,Arabic,20,,5,0.0,0.0,7,Monday,Islamabad,True,50000,1000,1,,"[1, 121, 122, 159]",,,,LV-LOW
695,"[1, 121, 122, 159]",inbox,30,10000,Arabic,20,,5,0.0,0.0,7,Monday,Islamabad,True,50000,1000,1,,"[1, 121, 122, 159]",,,,LV-HIGH
696,"[1, 121, 122, 159]",inbox,30,20000,English,15,,5,0.0,0.0,7,Monday,Karachi,True,50000,1000,1,,"[1, 121, 122, 159]",,,,LV-LOW
697,"[1, 121, 122, 159]",inbox,30,20000,English,15,,5,0.0,0.0,7,Monday,Karachi,True,50000,1000,1,,"[1, 121, 122, 159]",,,,LV-HIGH
698,"[1, 121, 122, 159]",inbox,30,20000,English,15,,5,0.0,0.0,7,Monday,Lahore,True,50000,1000,1,,"[1, 121, 122, 159]",,,,LV-LOW
699,"[1, 121, 122, 159]",inbox,30,20000,English,15,,5,0.0,0.0,7,Monday,Lahore,True,50000,1000,1,,"[1, 121, 122, 159]",,,,LV-HIGH
700,"[1, 121, 122, 159]",inbox,30,20000,English,15,,5,0.0,0.0,7,Monday,Islamabad,True,50000,1000,1,,"[1, 121, 122, 159]",,,,LV-LOW
701,"[1, 121, 122, 159]",inbox,30,20000,English,15,,5,0.0,0.0,7,Monday,Islamabad,True,50000,1000,1,,"[1, 121, 122, 159]",,,,LV-HIGH
702,"[1, 121, 122, 159]",inbox,30,20000,English,20,,5,0.0,0.0,7,Monday,Karachi,True,50000,1000,1,,"[1, 121, 122, 159]",,,,LV-LOW
703,"[1, 121, 122, 159]",inbox,30,20000,English,20,,5,0.0,0.0,7,Monday,Karachi,True,50000,1000,1,,"[1, 121, 122, 159]",,,,LV-HIGH
704,"[1, 121, 122, 159]",inbox,30,20000,English,20,,5,0.0,0.0,7,Monday,Lahore,True,50000,1000,1,,"[1, 121, 122, 159]",,,,LV-LOW
705,"[1, 121, 122, 159]",inbox,30,20000,English,20,,5,0.0,0.0,7,Monday,Lahore,True,50000,1000,1,,"[1, 121, 122, 159]",,,,LV-HIGH
706,"[1, 121, 122, 159]",inbox,30,20000,English,20,,5,0.0,0.0,7,Monday,Islamabad,True,50000,1000,1,,"[1, 121, 122, 159]",,,,LV-LOW
707,"[1, 121, 122, 159]",inbox,30,20000,English,20,,5,0.0,0.0,7,Monday,Islamabad,True,50000,1000,1,,"[1, 121, 122, 159]",,,,LV-HIGH
708,"[1, 121, 122, 159]",inbox,30,20000,Arabic,15,,5,0.0,0.0,7,Monday,Karachi,True,50000,1000,1,,"[1, 121, 122, 159]",,,,LV-LOW
709,"[1, 121, 122, 159]",inbox,30,20000,Arabic,15,,5,0.0,0.0,7,Monday,Karachi,True,50000,1000,1,,"[1, 121, 122, 159]",,,,LV-HIGH
710,"[1, 121, 122, 159]",inbox,30,20000,Arabic,15,,5,0.0,0.0,7,Monday,Lahore,True,50000,1000,1,,"[1, 121, 122, 159]",,,,LV-LOW
711,"[1, 121, 122, 159]",inbox,30,20000,Arabic,15,,5,0.0,0.0,7,Monday,Lahore,True,50000,1000,1,,"[1, 121, 122, 159]",,,,LV-HIGH
712,"[1, 121, 122, 159]",inbox,30,20000,Arabic,15,,5,0.0,0.0,7,Monday,Islamabad,True,50000,1000,1,,"[1, 121, 122, 159]",,,,LV-LOW
713,"[1, 121, 122, 159]",inbox,30,20000,Arabic,15,,5,0.0,0.0,7,Monday,Islamabad,True,50000,1000,1,,"[1, 121, 122, 159]",,,,LV-HIGH
714,"[1, 121, 122, 159]",inbox,30,20000,Arabic,20,,5,0.0,0.0,7,Monday,Karachi,True,50000,1000,1,,"[1, 121, 122, 159]",,,,LV-LOW
715,"[1, 121, 122, 159]",inbox,30,20000,Arabic,20,,5,0.0,0.0,7,Monday,Karachi,True,50000,1000,1,,"[1, 121, 122, 159]",,,,LV-HIGH
716,"[1, 121, 122, 159]",inbox,30,20000,Arabic,20,,5,0.0,0.0,7,Monday,Lahore,True,50000,1000,1,,"[1, 121, 122, 159]",,,,LV-LOW
717,"[1, 121, 122, 159]",inbox,30,20000,Arabic,20,,5,0.0,0.0,7,Monday,Lahore,True,50000,1000,1,,"[1, 121, 122, 159]",,,,LV-HIGH
718,"[1, 121, 122, 159]",inbox,30,20000,Arabic,20,,5,0.0,0.0,7,Monday,Islamabad,True,50000,1000,1,,"[1, 121, 122, 159]",,,,LV-LOW
719,"[1, 121, 122, 159]",inbox,30,20000,Arabic,20,,5,0.0,0.0,7,Monday,Islamabad,True,50000,1000,1,,"[1, 121, 122, 159]",,,,LV-HIGH
720,"[1, 121, 122, 159]",inbox,30,50000,English,15,,5,0.0,0.0,7,Monday,Karachi,True,50000,1000,1,,"[1, 121, 122, 159]",,,,LV-LOW
721,"[1, 121, 122, 159]",inbox,30,50000,English,15,,5,0.0,0.0,7,Monday,Karachi,True,50000,1000,1,,"[1, 121, 122, 159]",,,,LV-HIGH
722,"[1, 121, 122, 159]",inbox,30,50000,English,15,,5,0.0,0.0,7,Monday,Lahore,True,50000,1000,1,,"[1, 121, 122, 159]",,,,LV-LOW
723,"[1, 121, 122, 159]",inbox,30,50000,English,15,,5,0.0,0.0,7,Monday,Lahore,True,50000,1000,1,,"[1, 121, 122, 159]",,,,LV-HIGH
724,"[1, 121, 122, 159]",inbox,30,50000,English,15,,5,0.0,0.0,7,Monday,Islamabad,True,50000,1000,1,,"[1, 121, 122, 159]",,,,LV-LOW
725,"[1, 121, 122, 159]",inbox,30,50000,English,15,,5,0.0,0.0,7,Monday,Islamabad,True,50000,1000,1,,"[1, 121, 122, 159]",,,,LV-HIGH
726,"[1, 121, 122, 159]",inbox,30,50000,English,20,,5,0.0,0.0,7,Monday,Karachi,True,50000,1000,1,,"[1, 121, 122, 159]",,,,LV-LOW
727,"[1, 121, 122, 159]",inbox,30,50000,English,20,,5,0.0,0.0,7,Monday,Karachi,True,50000,1000,1,,"[1, 121, 122, 159]",,,,LV-HIGH
728,"[1, 121, 122, 159]",inbox,30,50000,English,20,,5,0.0,0.0,7,Monday,Lahore,True,50000,1000,1,,"[1, 121, 122, 159]",,,,LV-LOW
729,"[1, 121, 122, 159]",inbox,30,50000,English,20,,5,0.0,0.0,7,Monday,Lahore,True,50000,1000,1,,"[1, 121, 122, 159]",,,,LV-HIGH
730,"[1, 121, 122, 159]",inbox,30,50000,English,20,,5,0.0,0.0,7,Monday,Islamabad,True,50000,1000,1,,"[1, 121, 122, 159]",,,,LV-LOW
731,"[1, 121, 122, 159]",inbox,30,50000,English,20,,5,0.0,0.0,7,Monday,Islamabad,True,50000,1000,1,,"[1, 121, 122, 159]",,,,LV-HIGH
732,"[1, 121, 122, 159]",inbox,30,50000,Arabic,15,,5,0.0,0.0,7,Monday,Karachi,True,50000,1000,1,,"[1, 121, 122, 159]",,,,LV-LOW
733,"[1, 121, 122, 159]",inbox,30,50000,Arabic,15,,5,0.0,0.0,7,Monday,Karachi,True,50000,1000,1,,"[1, 121, 122, 159]",,,,LV-HIGH
734,"[1, 121, 122, 159]",inbox,30,50000,Arabic,15,,5,0.0,0.0,7,Monday,Lahore,True,50000,1000,1,,"[1, 121, 122, 159]",,,,LV-LOW
735,"[1, 121, 122, 159]",inbox,30,50000,Arabic,15,,5,0.0,0.0,7,Monday,Lahore,True,50000,1000,1,,"[1, 121, 122, 159]",,,,LV-HIGH
736,"[1, 121, 122, 159]",inbox,30,50000,Arabic,15,,5,0.0,0.0,7,Monday,Islamabad,True,50000,1000,1,,"[1, 121, 122, 159]",,,,LV-LOW
737,"[1, 121, 122, 159]",inbox,30,50000,Arabic,15,,5,0.0,0.0,7,Monday,Islamabad,True,50000,1000,1,,"[1, 121, 122, 159]",,,,LV-HIGH
738,"[1, 121, 122, 159]",inbox,30,50000,Arabic,20,,5,0.0,0.0,7,Monday,Karachi,True,50000,1000,1,,"[1, 121, 122, 159]",,,,LV-LOW
739,"[1, 121, 122, 159]",inbox,30,50000,Arabic,20,,5,0.0,0.0,7,Monday,Karachi,True,50000,1000,1,,"[1, 121, 122, 159]",,,,LV-HIGH
740,"[1, 121, 122, 159]",inbox,30,50000,Arabic,20,,5,0.0,0.0,7,Monday,Lahore,True,50000,1000,1,,"[1, 121, 122, 159]",,,,LV-LOW
741,"[1, 121, 122, 159]",inbox,30,50000,Arabic,20,,5,0.0,0.0,7,Monday,Lahore,True,50000,1000,1,,"[1, 121, 122, 159]",,,,LV-HIGH
742,"[1, 121, 122, 159]",inbox,30,50000,Arabic,20,,5,0.0,0.0,7,Monday,Islamabad,True,50000,1000,1,,"[1, 121, 122, 159]",,,,LV-LOW
743,"[1, 121, 122, 159]",inbox,30,50000,Arabic,20,,5,0.0,0.0,7,Monday,Islamabad,True,50000,1000,1,,"[1, 121, 122, 159]",,,,LV-HIGH
744,"[1, 121, 122, 159]",inbox,30,100000,English,15,,5,0.0,0.0,7,Monday,Karachi,True,50000,1000,1,,"[1, 121, 122, 159]",,,,LV-LOW
745,"[1, 121, 122, 159]",inbox,30,100000,English,15,,5,0.0,0.0,7,Monday,Karachi,True,50000,1000,1,,"[1, 121, 122, 159]",,,,LV-HIGH
746,"[1, 121, 122, 159]",inbox,30,100000,English,15,,5,0.0,0.0,7,Monday,Lahore,True,50000,1000,1,,"[1, 121, 122, 159]",,,,LV-LOW
747,"[1, 121, 122, 159]",inbox,30,100000,English,15,,5,0.0,0.0,7,Monday,Lahore,True,50000,1000,1,,"[1, 121, 122, 159]",,,,LV-HIGH
748,"[1, 121, 122, 159]",inbox,30,100000,English,15,,5,0.0,0.0,7,Monday,Islamabad,True,50000,1000,1,,"[1, 121, 122, 159]",,,,LV-LOW
749,"[1, 121, 122, 159]",inbox,30,100000,English,15,,5,0.0,0.0,7,Monday,Islamabad,True,50000,1000,1,,"[1, 121, 122, 159]",,,,LV-HIGH
750,"[1, 121, 122, 159]",inbox,30,100000,English,20,,5,0.0,0.0,7,Monday,Karachi,True,50000,1000,1,,"[1, 121, 122, 159]",,,,LV-LOW
751,"[1, 121, 122, 159]",inbox,30,100000,English,20,,5,0.0,0.0,7,Monday,Karachi,True,50000,1000,1,,"[1, 121, 122, 159]",,,,LV-HIGH
752,"[1, 121, 122, 159]",inbox,30,100000,English,20,,5,0.0,0.0,7,Monday,Lahore,True,50000,1000,1,,"[1, 121, 122, 159]",,,,LV-LOW
753,"[1, 121, 122, 159]",inbox,30,100000,English,20,,5,0.0,0.0,7,Monday,Lahore,True,50000,1000,1,,"[1, 121, 122, 159]",,,,LV-HIGH
754,"[1, 121, 122, 159]",inbox,30,100000,English,20,,5,0.0,0.0,7,Monday,Islamabad,True,50000,1000,1,,"[1, 121, 122, 159]",,,,LV-LOW
755,"[1, 121, 122, 159]",inbox,30,100000,English,20,,5,0.0,0.0,7,Monday,Islamabad,True,50000,1000,1,,"[1, 121, 122, 159]",,,,LV-HIGH
756,"[1, 121, 122, 159]",inbox,30,100000,Arabic,15,,5,0.0,0.0,7,Monday,Karachi,True,50000,1000,1,,"[1, 121, 122, 159]",,,,LV-LOW
757,"[1, 121, 122, 159]",inbox,30,100000,Arabic,15,,5,0.0,0.0,7,Monday,Karachi,True,50000,1000,1,,"[1, 121, 122, 159]",,,,LV-HIGH
758,"[1, 121, 122, 159]",inbox,30,100000,Arabic,15,,5,0.0,0.0,7,Monday,Lahore,True,50000,1000,1,,"[1, 121, 122, 159]",,,,LV-LOW
759,"[1, 121, 122, 159]",inbox,30,100000,Arabic,15,,5,0.0,0.0,7,Monday,Lahore,True,50000,1000,1,,"[1, 121, 122, 159]",,,,LV-HIGH
760,"[1, 121, 122, 159]",inbox,30,100000,Arabic,15,,5,0.0,0.0,7,Monday,Islamabad,True,50000,1000,1,,"[1, 121, 122, 159]",,,,LV-LOW
761,"[1, 121, 122, 159]",inbox,30,100000,Arabic,15,,5,0.0,0.0,7,Monday,Islamabad,True,50000,1000,1,,"[1, 121, 122, 159]",,,,LV-HIGH
762,"[1, 121, 122, 159]",inbox,30,100000,Arabic,20,,5,0.0,0.0,7,Monday,Karachi,True,50000,1000,1,,"[1, 121, 122, 159]",,,,LV-LOW
763,"[1, 121, 122, 159]",inbox,30,100000,Arabic,20,,5,0.0,0.0,7,Monday,Karachi,True,50000,1000,1,,"[1, 121, 122, 159]",,,,LV-HIGH
764,"[1, 121, 122, 159]",inbox,30,100000,Arabic,20,,5,0.0,0.0,7,Monday,Lahore,True,50000,1000,1,,"[1, 121, 122, 159]",,,,LV-LOW
765,"[1, 121, 122, 159]",inbox,30,100000,Arabic,20,,5,0.0,0.0,7,Monday,Lahore,True,50000,1000,1,,"[1, 121, 122, 159]",,,,LV-HIGH
766,"[1, 121, 122, 159]",inbox,30,100000,Arabic,20,,5,0.0,0.0,7,Monday,Islamabad,True,50000,1000,1,,"[1, 121, 122, 159]",,,,LV-LOW
767,"[1, 121, 122, 159]",inbox,30,100000,Arabic,20,,5,0.0,0.0,7,Monday,Islamabad,True,50000,1000,1,,"[1, 121, 122, 159]",,,,LV-HIGH
